angle,wood,banana_leaf,banana_stem,sugarcane_mulch,sugarcane_bagasse,spinifex_leaf,sugargraze_leaf,sugargraze_sheath,sugargraze_lowerstem,sugargraze_upperstem,yemen_leaf,yemen_sheath,yemen_lowerstem,yemen_upperstem,greenleafBMR_leaf,greenleafBMR_sheath,greenleafBMR_stem,graingrass_leaf,graingrass_sheath,graingrass_stem
10,1499,677,479,1233,910,2106.15,3346,3272,2266,2632,2183,2267,2063,2217,2604,2230,2289,1778,2029,1798
10.05,1541,694,487,1223,898,2116.6,3302,3295,2286,2671,2122,2187,2253,2228,2557,2217,2324,1812,2040,1764
10.101,1493,681,498,1181,969,2141.3,3410,3331,2367,2686,2101,2210,2069,2254,2541,2174,2339,1859,2081,1744
10.151,1495,657,498,1296,897,2245.8,3331,3182,2234,2698,2141,2259,2174,2364,2486,2275,2407,1735,2046,1757
10.201,1484,711,496,1169,930,2139.4,3447,3356,2313,2659,2045,2285,2157,2252,2461,2193,2345,1848,2184,1779
10.252,1477,648,487,1288,956,2171.7,3378,3286,2366,2747,2144,2207,2104,2286,2563,2306,2423,1920,2048,1796
10.302,1521,694,508,1208,918,2272.4,3469,3359,2275,2705,2121,2291,2220,2392,2638,2272,2342,1849,2063,1769
10.352,1577,661,498,1251,985,2154.6,3410,3214,2427,2899,2267,2256,2157,2268,2653,2301,2428,1878,2144,1832
10.403,1574,681,462,1321,972,2314.2,3536,3328,2393,2866,2245,2359,2219,2436,2646,2244,2419,1931,2143,1771
10.453,1466,685,479,1277,902,2294.25,3477,3373,2415,2778,2232,2304,2283,2415,2673,2385,2428,1889,2235,1838
10.503,1679,659,448,1311,939,2246.75,3487,3570,2447,2745,2274,2362,2269,2365,2702,2339,2391,1805,2156,1807
10.554,1538,699,528,1263,955,2152.7,3397,3407,2436,2855,2248,2330,2289,2266,2639,2456,2469,1953,2187,1829
10.604,1535,685,508,1313,939,2275.25,3571,3458,2334,2870,2384,2340,2284,2395,2576,2322,2438,1778,2114,1862
10.654,1700,652,495,1241,975,2345.55,3592,3400,2531,2900,2211,2446,2391,2469,2769,2406,2455,1979,2245,1869
10.705,1598,714,469,1315,973,2253.4,3523,3538,2540,2963,2313,2480,2326,2372,2768,2380,2619,1861,2232,1920
10.755,1596,703,490,1339,1046,2338.9,3438,3529,2570,2916,2344,2460,2398,2462,2755,2356,2511,1881,2296,1907
10.805,1559,658,545,1352,958,2321.8,3591,3479,2441,2966,2333,2469,2301,2444,2762,2493,2553,1936,2318,1919
10.855,1638,723,503,1355,1040,2301.85,3594,3563,2551,2980,2411,2409,2379,2423,2642,2485,2477,1928,2278,1874
10.906,1638,649,536,1393,988,2248.65,3590,3545,2581,3018,2238,2472,2375,2367,2789,2430,2671,1916,2240,1890
10.956,1603,681,537,1358,1043,2365.5,3557,3629,2476,3049,2330,2517,2492,2490,2795,2432,2598,1971,2260,1930
11.006,1654,658,524,1353,996,2418.7,3548,3526,2587,3046,2391,2591,2452,2546,2719,2507,2631,1935,2292,2025
11.057,1601,670,491,1394,1005,2450.05,3592,3652,2571,3072,2454,2541,2452,2579,2776,2522,2661,1950,2382,1977
11.107,1689,701,504,1288,1002,2445.3,3712,3569,2583,3040,2429,2649,2469,2574,2808,2477,2530,1995,2378,1936
11.157,1582,679,550,1386,1008,2442.45,3604,3692,2667,2928,2368,2632,2548,2571,2857,2504,2648,1982,2430,2037
11.208,1659,693,523,1376,1023,2434.85,3675,3590,2685,3038,2450,2547,2534,2563,2774,2556,2716,2013,2486,1929
11.258,1709,636,482,1456,1046,2401.6,3544,3592,2760,3038,2475,2734,2516,2528,2737,2629,2595,1989,2434,2070
11.308,1777,655,543,1393,1064,2479.5,3702,3774,2605,3196,2510,2682,2673,2610,2900,2561,2719,1995,2452,1973
11.359,1744,716,493,1396,1068,2523.2,3701,3810,2645,3243,2469,2591,2636,2656,2864,2591,2648,1987,2471,2059
11.409,1744,731,541,1355,1112,2511.8,3721,3686,2722,3186,2544,2621,2557,2644,2798,2691,2673,2028,2466,2076
11.459,1745,711,488,1428,1042,2508,3693,3796,2724,3253,2617,2771,2568,2640,2827,2602,2692,2034,2461,2040
11.51,1741,651,534,1392,1105,2574.5,3693,3839,2752,3141,2586,2686,2676,2710,2882,2652,2678,2102,2471,2153
11.56,1727,720,585,1427,1118,2674.25,3811,3709,2803,3303,2522,2759,2639,2815,2993,2700,2706,2158,2497,2180
11.61,1767,680,535,1416,1105,2622,3754,3786,2809,3230,2596,2843,2608,2760,2929,2670,2833,2076,2573,2127
11.66,1785,674,525,1440,1081,2611.55,3768,3868,2912,3220,2590,2685,2701,2749,2952,2680,2748,2155,2579,2063
11.711,1774,684,534,1496,1106,2619.15,3820,3892,2815,3404,2659,2894,2694,2757,2968,2742,2812,2131,2562,2120
11.761,1772,699,572,1506,1159,2524.15,3848,4009,2869,3320,2634,2836,2720,2657,2918,2730,2767,2222,2558,2202
11.811,1842,700,555,1411,1094,2612.5,3786,3954,2815,3362,2642,2822,2791,2750,3022,2755,2840,2213,2629,2156
11.862,1861,725,518,1417,1086,2716.05,3893,3817,2871,3443,2621,2889,2710,2859,2880,2920,2826,2225,2552,2272
11.912,1835,734,535,1447,1075,2673.3,3799,3914,2805,3456,2646,2872,2810,2814,3004,2822,2872,2126,2613,2212
11.962,1801,702,580,1512,1187,2694.2,3909,3902,2856,3399,2690,2845,2866,2836,3040,2891,2819,2188,2614,2192
12.013,1880,689,533,1578,1169,2671.4,3895,3887,2947,3421,2771,2928,2879,2812,3073,2862,2853,2186,2805,2295
12.063,1921,736,528,1502,1157,2717,3976,3953,2942,3522,2713,2985,2903,2860,3084,2805,2984,2186,2623,2260
12.113,1872,745,541,1563,1171,2734.1,3963,4029,2950,3558,2753,3007,2886,2878,3144,2925,2934,2242,2743,2313
12.164,1917,776,533,1539,1160,2755,4004,4088,3011,3486,2721,3011,2965,2900,3167,2995,3011,2211,2762,2289
12.214,1952,725,507,1527,1222,2815.8,4014,4017,2989,3532,2903,2979,2920,2964,3048,2921,2895,2188,2782,2308
12.264,1996,742,578,1546,1169,2904.15,3984,4131,2873,3703,2878,2933,2917,3057,3146,2992,2991,2245,2746,2317
12.315,2008,709,533,1559,1202,2782.55,3994,4091,3121,3619,2881,3087,2991,2929,3096,2986,2970,2306,2688,2385
12.365,1954,767,574,1687,1165,2784.45,4050,4111,3100,3645,2845,3165,2972,2931,3214,3048,3170,2335,2825,2383
12.415,2013,736,519,1509,1231,2927.9,4060,4184,2998,3773,2817,3173,3144,3082,3177,3028,3102,2316,2833,2463
12.466,1990,756,570,1630,1209,2914.6,4093,4182,3157,3711,2920,3215,3077,3068,3232,3029,3082,2348,2790,2440
12.516,2030,749,579,1594,1195,2964,4007,4213,3058,3841,2964,3152,3164,3120,3237,3085,3148,2285,2898,2463
12.566,2094,784,598,1606,1181,2966.85,3960,4211,3187,3713,2936,3204,3084,3123,3401,3183,3121,2402,2951,2480
12.616,2123,739,567,1600,1277,2910.8,4100,4182,3154,3826,3021,3292,3170,3064,3259,3200,3110,2355,2991,2545
12.667,2202,766,611,1645,1234,3027.65,4121,4181,3221,3861,3095,3346,3174,3187,3225,3271,3266,2446,2892,2456
12.717,2192,747,582,1659,1241,2976.35,4221,4272,3192,3945,3032,3293,3306,3133,3380,3257,3093,2355,3008,2539
12.767,2185,793,594,1687,1226,2924.1,4315,4344,3337,4054,3067,3419,3173,3078,3381,3262,3271,2405,2967,2528
12.818,2251,743,601,1649,1257,2996.3,4276,4477,3230,4144,3066,3441,3302,3154,3297,3360,3292,2433,3033,2605
12.868,2248,799,545,1639,1161,3039.05,4217,4444,3236,4139,3113,3449,3426,3199,3375,3270,3349,2492,3122,2681
12.918,2262,761,626,1703,1327,2956.4,4419,4401,3437,4102,3165,3386,3339,3112,3404,3405,3392,2493,3076,2635
12.969,2210,790,603,1688,1335,3142.6,4396,4401,3421,4121,3180,3517,3374,3308,3457,3431,3365,2570,3077,2740
13.019,2301,747,641,1673,1294,3154.95,4524,4672,3443,4200,3242,3511,3416,3321,3641,3425,3523,2427,3118,2728
13.069,2297,838,593,1754,1332,3125.5,4374,4630,3413,4260,3212,3657,3468,3290,3434,3555,3558,2535,3203,2794
13.12,2368,812,610,1801,1330,3196.75,4655,4777,3508,4305,3323,3623,3453,3365,3500,3631,3605,2482,3250,2749
13.17,2489,858,615,1744,1324,3215.75,4443,4834,3537,4385,3477,3565,3496,3385,3525,3574,3606,2617,3332,2853
13.22,2463,836,646,1826,1294,3229.05,4601,4643,3618,4362,3372,3682,3618,3399,3781,3593,3621,2578,3376,2823
13.271,2535,770,602,1845,1327,3211,4575,4660,3754,4588,3307,3663,3669,3380,3664,3570,3740,2598,3463,2888
13.321,2506,877,652,1831,1351,3425.7,4607,4812,3566,4592,3497,3756,3626,3606,3763,3634,3650,2605,3287,3003
13.371,2617,781,654,1818,1400,3511.2,4792,4832,3686,4580,3487,3821,3642,3696,3739,3798,3682,2605,3349,3001
13.422,2624,839,646,1881,1394,3503.6,4839,4960,3757,4568,3523,3749,3786,3688,3772,3848,3833,2796,3491,3045
13.472,2626,935,710,1854,1378,3501.7,4800,4888,3697,4484,3645,3980,3857,3686,3817,3956,3890,2789,3514,2941
13.522,2715,907,698,1872,1391,3570.1,4844,5208,3762,4674,3700,3790,4038,3758,3791,3948,3786,2686,3686,3062
13.572,2702,856,687,1882,1451,3644.2,4969,4984,3897,4737,3613,3995,3894,3836,3959,3853,3931,2803,3573,3080
13.623,2756,887,691,1955,1480,3616.65,4967,5224,4006,4902,3622,4042,3975,3807,3984,4062,4085,2853,3765,3222
13.673,2778,881,697,1967,1575,3649.9,4914,5244,3911,5012,3811,4181,4035,3842,4073,4156,4060,2900,3603,3220
13.723,2721,908,727,2035,1533,3760.1,5021,5257,3876,5021,3735,4150,4039,3958,4011,4118,4071,2921,3618,3247
13.774,2874,908,710,2012,1496,3780.05,5111,5278,4089,5045,3849,4258,4131,3979,3989,4159,4190,2875,3880,3144
13.824,2848,922,755,2087,1549,3710.7,5067,5221,4050,5104,3911,4363,4239,3906,4049,4126,4161,2910,3772,3385
13.874,2830,877,693,2157,1617,3799.05,5105,5362,4057,5143,4000,4310,4214,3999,4149,4226,4241,2958,3815,3460
13.925,2977,988,719,2065,1623,3826.6,5354,5593,4136,5303,4041,4358,4313,4028,4140,4343,4310,3074,3881,3395
13.975,2923,972,728,2054,1607,3946.3,5365,5553,4147,5340,4091,4424,4319,4154,4290,4435,4351,3168,4059,3548
14.025,3041,902,726,2181,1646,3952.95,5231,5577,4145,5512,4041,4577,4519,4161,4368,4466,4456,3304,3904,3540
14.076,3045,942,756,2104,1654,4020.4,5471,5737,4228,5494,4212,4483,4564,4232,4629,4551,4555,3317,3985,3615
14.126,2939,924,770,2165,1650,4031.8,5603,5813,4433,5523,4368,4589,4401,4244,4785,4692,4474,3252,4101,3729
14.176,3148,987,796,2134,1704,4194.25,5879,5963,4388,5542,4404,4777,4538,4415,4839,4618,4632,3179,4210,3705
14.227,3084,984,856,2262,1764,4192.35,5977,5973,4436,5623,4381,4607,4635,4413,4605,4845,4671,3054,4233,3697
14.277,3199,1070,874,2294,1714,4311.1,6143,6019,4549,5738,4164,4793,4687,4538,4486,4972,4590,3129,4414,3752
14.327,3122,1163,838,2283,1878,4322.5,6012,6021,4432,5949,4339,4896,4741,4550,4557,4772,4832,3324,4277,3772
14.377,3203,1122,853,2251,1768,4185.7,5862,6131,4614,5880,4490,4949,4801,4406,4680,4934,4792,3297,4406,3902
14.428,3181,1034,813,2330,1883,4243.65,5872,6343,4508,6083,4545,4908,4792,4467,4630,4965,4892,3292,4501,3945
14.478,3298,1055,801,2293,1943,4356.7,5941,6287,4843,5927,4504,4970,5025,4586,4809,4980,4713,3455,4604,3952
14.528,3175,1032,852,2437,1862,4541,5921,6419,4691,6219,4626,5026,5031,4780,4875,5092,4940,3334,4683,4094
14.579,3307,985,854,2406,1859,4561.9,5998,6454,4772,6273,4703,5263,4948,4802,4823,5158,4944,3667,4643,4105
14.629,3235,1073,866,2336,1860,4471.65,6033,6394,4911,6320,4772,5285,5164,4707,4891,5346,5062,3608,4539,4141
14.679,3373,1085,894,2451,1980,4565.7,6223,6465,4871,6289,4832,5303,5113,4806,5196,5259,5011,3626,4799,4136
14.73,3404,1159,889,2489,2059,4609.4,6272,6654,4866,6454,5003,5249,5149,4852,5290,5222,5163,3751,4606,4213
14.78,3271,1268,1008,2531,1912,4663.55,6516,6694,4895,6518,4920,5477,5305,4909,5311,5421,5172,3675,4809,4295
14.83,3312,1512,1296,2586,1976,4616.05,6627,6864,4892,6460,5080,5411,5249,4859,5302,5499,5151,3707,4747,4179
14.881,3373,2271,1795,2498,2098,4661.65,6648,6828,5123,6538,4916,5460,5238,4907,5123,5469,5201,3663,4843,4379
14.931,3325,3576,1948,2563,2035,4714.85,6617,6903,5084,6679,4938,5503,5418,4963,5141,5661,5390,3663,4863,4292
14.981,3359,2853,1300,2638,2172,4977.05,6642,7015,5141,6848,5043,5573,5290,5239,5213,5545,5364,3649,4867,4430
15.032,3393,1442,1017,2599,2128,4834.55,6751,7109,5258,6874,5148,5641,5476,5089,5197,5463,5487,3692,4973,4503
15.082,3355,1264,948,2671,2159,4820.3,6524,7024,5211,6982,5217,5655,5324,5074,5191,5667,5374,3677,4828,4412
15.132,3440,1215,969,2631,2092,4970.4,6743,6961,5179,6958,5127,5831,5618,5232,5294,5624,5547,3724,5117,4507
15.183,3453,1354,1047,2660,2107,5109.1,6629,7131,5181,6986,5102,5814,5518,5378,5371,5743,5483,3753,5002,4440
15.233,3349,1469,1115,2695,2102,4970.4,6759,7032,5362,6913,5086,5690,5684,5232,5272,5668,5612,3746,5010,4687
15.283,3343,1902,1168,2645,2068,4971.35,6939,7201,5300,6985,5223,5710,5576,5233,5264,5661,5690,3742,5111,4554
15.333,3451,1728,1008,2673,2214,5132.85,6727,7341,5318,7017,5345,5844,5559,5403,5385,5828,5699,3743,5072,4655
15.384,3363,1326,986,2681,2034,5145.2,6956,7162,5356,7023,5276,5918,5741,5416,5319,5879,5639,3805,5210,4641
15.434,3366,1280,966,2661,2172,5178.45,6915,7332,5388,7174,5322,5896,5689,5451,5438,5880,5622,3864,5042,4657
15.484,3408,1234,942,2727,2151,5137.6,6979,7395,5445,7303,5430,5830,5715,5408,5391,6032,5866,3929,5135,4763
15.535,3280,1225,940,2768,2232,5117.65,6930,7379,5592,7300,5407,6030,5796,5387,5382,5773,5792,3884,5320,4617
15.585,3497,1209,962,2837,2095,5186.05,6722,7424,5476,7377,5386,5806,5738,5459,5406,5929,5774,3892,5213,4762
15.635,3492,1233,968,2723,2200,5178.45,7019,7579,5609,7356,5409,5921,5795,5451,5636,5968,5746,3921,5352,4689
15.686,3380,1168,934,2757,2236,5287.7,6910,7511,5526,7306,5527,5966,5723,5566,5562,5955,5739,3923,5132,4760
15.736,3444,1248,920,2733,2169,5320.95,7028,7581,5468,7370,5416,5826,5697,5601,5507,5773,5885,4108,5333,4637
15.786,3417,1260,987,2818,2127,5212.65,6901,7390,5570,7482,5412,6139,5736,5487,5591,5870,5963,3980,5335,4775
15.837,3265,1310,966,2724,2140,5343.75,6999,7627,5570,7442,5410,6112,5838,5625,5616,5911,5998,4073,5243,4909
15.887,3422,1251,926,2828,2125,5250.65,7285,7519,5618,7250,5436,6003,5927,5527,5510,6006,5868,3972,5354,4925
15.937,3306,1249,965,2782,2140,5291.5,7093,7462,5571,7579,5462,6111,5756,5570,5725,5972,5863,4062,5410,4832
15.988,3425,1214,977,2721,2241,5378.9,7127,7493,5572,7406,5563,6040,5884,5662,5792,5999,5746,4206,5326,4710
16.038,3422,1180,932,2822,2242,5382.7,7163,7531,5584,7373,5543,6054,5987,5666,5724,6094,5979,4136,5402,4814
16.088,3276,1253,924,2854,2157,5374.15,7194,7773,5545,7442,5524,6116,5757,5657,5559,6126,5873,4131,5440,4834
16.139,3430,1179,939,2759,2199,5130,7000,7587,5547,7451,5561,5985,5842,5400,5785,5869,5862,4192,5386,4835
16.189,3405,1191,1008,2710,2171,5359.9,7022,7411,5536,7378,5545,6210,5880,5642,5684,6043,5791,4110,5317,4874
16.239,3335,1229,970,2801,2216,5278.2,6926,7673,5540,7406,5619,6106,5801,5556,5730,5990,5937,4215,5410,4818
16.289,3375,1164,1007,2729,2169,5255.4,7135,7614,5478,7485,5656,6134,5876,5532,5751,6143,5836,4365,5299,4836
16.34,3336,1230,928,2802,2280,5253.5,7008,7468,5440,7593,5561,6146,5946,5530,5755,6124,5858,4242,5265,4777
16.39,3496,1267,964,2798,2209,5432.1,6986,7596,5579,7462,5688,6116,5715,5718,5816,6027,5880,4223,5175,4795
16.44,3352,1231,1007,2802,2211,5242.1,7044,7476,5431,7417,5871,6099,5686,5518,5798,6007,5807,4384,5279,4846
16.491,3434,1229,990,2736,2177,5387.45,7086,7441,5492,7382,5828,6026,5809,5671,5807,5982,5781,4314,5355,4821
16.541,3362,1207,957,2851,2210,5375.1,7229,7505,5614,7541,5807,6109,5797,5658,5852,5974,5853,4402,5124,4778
16.591,3383,1261,962,2754,2158,5360.85,7032,7486,5627,7363,5627,6087,5721,5643,6027,6068,5849,4335,5335,4652
16.642,3307,1192,982,2688,2106,5318.1,6942,7518,5510,7488,5765,5983,5750,5598,5896,6052,5758,4372,5614,4750
16.692,3291,1248,1017,2616,2118,5226.9,6972,7355,5533,7437,5633,6035,5770,5502,5695,6033,5696,4404,5349,4788
16.742,3302,1228,1015,2628,2158,5184.15,7162,7195,5515,7455,5596,6086,5604,5457,6021,5961,5820,4401,5300,4908
16.793,3382,1250,1036,2643,2198,5233.55,7108,7311,5281,7403,5820,5975,5736,5509,6022,5985,5742,4334,5367,4816
16.843,3135,1217,1036,2684,2085,5189.85,6998,7215,5457,7464,5944,6025,5482,5463,5837,6033,5646,4408,5277,4822
16.893,3273,1278,1019,2710,2196,5196.5,7178,7195,5461,7197,5851,6114,5810,5470,5970,6054,5786,4517,5294,4860
16.944,3162,1254,1041,2620,2118,5287.7,6965,7315,5545,7437,5671,6071,5711,5566,5847,5950,5735,4607,5406,4773
16.994,3218,1220,1038,2575,2173,5427.35,7053,7327,5461,7324,5888,6034,5663,5713,5926,6123,5604,4583,5431,4771
17.044,3134,1217,1021,2487,2068,5190.8,7002,7290,5559,7345,5814,6141,5883,5464,5989,5798,5741,4636,5307,4883
17.095,3262,1234,1001,2630,2088,5293.4,7039,7198,5277,7252,5747,5909,5713,5572,5984,5919,5525,4625,5365,4791
17.145,3203,1167,1024,2621,2157,5394.1,7001,7170,5365,7172,5831,6070,5507,5678,5955,5813,5658,4596,5388,4656
17.195,3125,1240,979,2608,2092,5359.9,7051,7131,5470,7272,5851,6011,5510,5642,5890,5864,5809,4657,5301,4659
17.245,3137,1238,1007,2517,2072,5252.55,7064,7145,5372,7111,5779,6035,5713,5529,6093,5797,5613,4502,5288,4751
17.296,3001,1279,960,2627,2056,5144.25,6926,7199,5404,7045,5718,5941,5507,5415,6045,5806,5659,4699,5231,4749
17.346,3106,1252,996,2489,2058,5250.65,7045,7121,5404,7114,5759,6039,5389,5527,5979,5869,5532,4700,5267,4923
17.396,3028,1170,1038,2476,2020,5269.65,6888,7098,5339,7131,5708,6062,5475,5547,5884,5726,5560,4741,5208,4724
17.447,3016,1236,987,2607,2071,5192.7,6921,7067,5297,7162,5891,6127,5454,5466,6061,5838,5467,4828,5277,4776
17.497,2985,1187,918,2505,1992,5267.75,7053,7013,5269,7128,5838,6009,5474,5545,6004,5727,5487,4789,5246,4801
17.547,2884,1200,1007,2410,2018,5240.2,7012,6940,5266,7125,5817,6069,5488,5516,5893,5769,5587,4950,5225,4660
17.598,2838,1221,994,2520,2039,5285.8,6822,6938,5301,7206,5986,5990,5457,5564,5950,5697,5445,4785,5262,4696
17.648,2875,1230,916,2539,1931,5278.2,6883,6970,5280,7054,5900,6055,5547,5556,6194,5913,5441,4822,5267,4801
17.698,2886,1211,965,2438,1964,5121.45,6809,6847,5294,6987,5895,6115,5414,5391,6225,5874,5427,4816,5352,4705
17.749,2946,1246,927,2471,2053,5313.35,7026,6974,5202,7129,5990,6105,5385,5593,5951,5949,5484,4832,5227,4712
17.799,2911,1235,868,2509,2018,5147.1,6774,7030,5089,7008,5887,6106,5563,5418,6123,5860,5459,4946,5299,4650
17.849,2816,1163,838,2440,1931,5287.7,6892,7105,5399,7140,5941,6011,5477,5566,6071,5867,5474,4878,5234,4616
17.9,2792,1163,913,2415,1943,5228.8,6991,6960,5109,6992,5922,6180,5515,5504,6067,5659,5512,4944,5321,4801
17.95,2733,1243,979,2437,2039,5249.7,6796,6946,5266,6919,5899,6084,5486,5526,6084,5847,5519,5035,5261,4745
18,2739,1249,1022,2367,2003,5127.15,6875,6890,5335,6994,6163,5988,5463,5397,6110,5706,5514,4986,5142,4661
18.05,2812,1217,1043,2472,2055,5293.4,7081,6771,5190,7143,6113,6264,5363,5572,6272,5952,5552,5203,5492,4823
18.101,2685,1280,1103,2370,2016,5121.45,6919,6803,5164,7031,6203,6035,5417,5391,6462,5735,5400,5160,5379,4733
18.151,2785,1205,1061,2410,1973,5156.6,7003,6966,5305,7137,5931,6157,5357,5428,6231,5901,5567,5171,5366,4769
18.201,2684,1291,914,2411,1935,5154.7,6934,6730,5274,7020,6156,6287,5535,5426,6359,5959,5524,5163,5413,4865
18.252,2626,1274,856,2513,2008,5348.5,7076,6946,5208,7013,6175,6203,5542,5630,6383,5883,5499,5315,5488,5018
18.302,2710,1206,848,2491,2001,5242.1,7065,6869,5245,7093,6398,6132,5473,5518,6273,5977,5412,5190,5347,4889
18.352,2662,1193,812,2426,1995,5282,7048,6833,5321,7118,6135,6293,5602,5560,6261,6063,5526,5256,5234,4774
18.403,2750,1254,860,2455,1941,5386.5,7248,6976,5316,7065,6187,6389,5620,5670,6325,5963,5475,5458,5637,4857
18.453,2734,1219,815,2435,1997,5226.9,7090,7040,5309,7204,6350,6196,5730,5502,6437,6140,5487,5330,5442,4881
18.503,2611,1211,885,2488,1984,5352.3,7123,6931,5450,7124,6371,6215,5620,5634,6388,5908,5592,5310,5576,4915
18.554,2640,1295,832,2406,2020,5295.3,7168,6842,5300,7140,6351,6413,5556,5574,6482,6104,5611,5387,5501,5035
18.604,2738,1238,839,2489,2025,5320,7086,6882,5419,7184,6373,6343,5597,5600,6623,6088,5595,5434,5560,4815
18.654,2652,1281,909,2434,2019,5309.55,7167,7047,5289,7286,6638,6435,5655,5589,6652,6031,5626,5582,5572,4875
18.705,2670,1289,858,2443,2005,5355.15,7264,6997,5413,7328,6499,6419,5618,5637,6558,6207,5650,5500,5728,4941
18.755,2699,1273,853,2475,1949,5469.15,7276,6936,5370,7265,6266,6612,5816,5757,6674,6148,5726,5564,5736,5056
18.805,2552,1238,842,2464,2055,5422.6,7494,7054,5455,7215,6493,6512,5843,5708,6665,6093,5651,5672,5726,5064
18.856,2599,1282,872,2456,2081,5466.3,7154,7219,5501,7226,6554,6659,5881,5754,6743,6293,5539,5631,5824,5214
18.906,2549,1225,873,2487,2076,5568.9,7491,7089,5370,7328,6508,6635,5906,5862,6745,6190,5664,5501,5872,5053
18.956,2706,1228,900,2473,2030,5373.2,7366,7034,5434,7340,6572,6694,5831,5656,6729,6409,5911,5730,5785,5191
19.006,2622,1268,890,2471,2058,5581.25,7577,7161,5581,7266,6655,6666,5880,5875,6793,6326,5688,5617,5904,5117
19.057,2698,1372,937,2577,1993,5646.8,7572,7214,5590,7328,6720,6720,5973,5944,6790,6603,5859,5800,5892,5222
19.107,2678,1395,956,2605,1990,5542.3,7450,7333,5648,7505,6713,6833,6068,5834,6892,6443,5845,5800,5839,5408
19.157,2685,1286,865,2684,2222,5695.25,7712,7407,5645,7623,6909,6997,6077,5995,6853,6433,5981,5789,6025,5375
19.208,2697,1316,940,2619,2080,5696.2,7563,7430,5678,7676,6783,6872,6181,5996,6982,6535,5928,5919,6115,5471
19.258,2723,1332,940,2744,2116,5849.15,7628,7495,5737,7573,7021,7088,6319,6157,7052,6592,5988,5894,6211,5378
19.308,2858,1333,954,2670,2110,5906.15,7726,7448,5740,7727,6864,7136,6466,6217,6961,6620,6020,5918,6113,5454
19.359,2686,1297,924,2717,2162,5716.15,7827,7581,5933,7792,6962,7270,6331,6017,7029,6810,6171,5738,6167,5486
19.409,2870,1325,941,2670,2138,5734.2,7878,7621,5766,7716,6986,7245,6384,6036,7082,6853,6092,6013,6227,5647
19.459,2805,1388,972,2701,2197,5845.35,7686,7726,5989,7831,7045,7498,6428,6153,7137,6755,6276,5882,6351,5689
19.51,2816,1425,984,2702,2131,5900.45,7829,7565,6015,7877,7035,7279,6453,6211,7134,7142,6292,6033,6363,5720
19.56,2883,1450,1013,2785,2259,6025.85,7897,7786,6046,8173,7086,7432,6683,6343,7150,7081,6331,5925,6533,5731
19.61,2930,1463,1013,2770,2242,6129.4,7929,7839,6048,8050,7221,7528,6682,6452,7139,7044,6354,6040,6661,5877
19.661,2924,1404,946,2845,2321,6113.25,8174,7886,6246,8109,7154,7581,6733,6435,7359,7038,6520,6089,6652,5974
19.711,2916,1428,982,2934,2327,6214.9,8084,7998,6401,8242,7353,7667,6919,6542,7411,7225,6709,6123,6620,6140
19.761,3021,1379,964,2932,2297,6232,8181,8106,6253,8297,7306,7890,7064,6560,7467,7401,6586,6057,6842,5960
19.812,3010,1382,1059,3017,2354,6346.95,8399,8133,6271,8420,7446,7751,7185,6681,7469,7435,6590,6108,6840,6137
19.862,3088,1407,983,3004,2365,6446.7,8239,8424,6370,8612,7491,7763,7269,6786,7414,7607,6760,6241,6925,6271
19.912,3054,1490,1033,3021,2386,6479,8548,8222,6470,8746,7651,8010,7237,6820,7547,7712,6797,6195,6798,6254
19.962,3119,1458,1015,3081,2447,6597.75,8472,8511,6469,8726,7588,8166,7450,6945,7791,7705,6906,6295,7013,6484
20.013,3165,1478,1050,3008,2554,6593.95,8659,8600,6740,8866,7700,8161,7493,6941,7656,7684,7035,6166,7083,6552
20.063,3204,1570,1047,3037,2449,6729.8,8701,8844,6702,8797,7590,8260,7730,7084,7835,7858,7163,6431,7339,6559
20.113,3313,1493,1056,3179,2466,6807.7,8779,8998,7057,8892,7775,8503,7583,7166,7677,7977,7126,6328,7249,6590
20.164,3295,1539,1113,3163,2561,6896.05,8694,8969,6830,9070,7800,8512,7674,7259,7833,8123,7339,6508,7503,6664
20.214,3352,1469,1164,3201,2513,6907.45,8810,9085,7110,9290,7986,8595,7742,7271,7771,8229,7354,6322,7515,6842
20.264,3411,1493,1107,3364,2689,6982.5,9000,9319,7146,9221,8072,8740,7983,7350,8070,8434,7680,6501,7745,7038
20.315,3483,1530,1144,3299,2615,7135.45,8995,9367,7195,9517,8125,8800,8163,7511,8072,8258,7590,6526,7760,7033
20.365,3532,1587,1133,3438,2762,7105.05,9063,9388,7229,9576,8131,8808,8069,7479,8012,8504,7767,6674,7895,7024
20.415,3562,1676,1147,3394,2730,7372,9110,9609,7487,9476,8199,9043,8376,7760,8238,8761,7825,6598,8011,7234
20.466,3672,1577,1223,3503,2804,7287.45,9357,9695,7409,9945,8291,8999,8374,7671,8101,8804,7825,6699,8109,7386
20.516,3704,1594,1207,3515,2755,7365.35,9475,9856,7614,10012,8259,9390,8487,7753,8265,8842,8068,6696,8314,7525
20.566,3697,1681,1190,3656,2839,7525.9,9433,9960,7553,10145,8429,9523,8758,7922,8236,8897,8102,6811,8376,7479
20.617,3853,1707,1248,3633,2909,7619.95,9423,10042,7735,10293,8609,9611,8762,8021,8369,9035,8329,6749,8450,7631
20.667,3776,1764,1277,3625,3002,7632.3,9535,10224,7760,10243,8598,9668,8923,8034,8412,9109,8513,6811,8473,7744
20.717,3849,1685,1266,3739,3026,7885.95,9677,10381,8013,10512,8748,9754,9047,8301,8369,9433,8562,6715,8556,7811
20.767,4049,1706,1279,3815,3029,7951.5,10012,10421,7939,10731,8731,9828,9101,8370,8380,9601,8687,6894,8418,7990
20.818,4033,1761,1269,3924,3193,7911.6,10135,10651,8064,10760,8732,9839,9412,8328,8526,9832,8775,6983,8870,8026
20.868,4008,1745,1269,3914,3229,7871.7,10074,11003,8088,10685,8868,9997,9377,8286,8628,9761,8790,6883,9017,8063
20.918,4029,1814,1325,4047,3468,8139.6,10349,10897,8366,10989,9001,9989,9618,8568,8650,9853,8912,7004,9007,8297
20.969,4186,1868,1271,4076,3311,8287.8,10130,11199,8450,10965,9083,10072,9753,8724,8781,9986,8997,7035,9194,8402
21.019,4284,1841,1319,4151,3206,8443.6,10357,11260,8589,11110,9116,10377,9845,8888,8622,10207,9115,7056,9207,8360
21.069,4221,1878,1422,4184,3336,8210.85,10392,11337,8678,11369,9276,10632,9867,8643,8930,10161,9207,7107,9285,8462
21.12,4407,1836,1368,4321,3262,8486.35,10469,11666,8819,11370,9262,10441,9912,8933,9023,10293,9314,6907,9516,8642
21.17,4288,1868,1413,4241,3377,8611.75,10563,11654,8851,11583,9398,10708,10105,9065,9051,10313,9419,7080,9649,8757
21.22,4643,2013,1397,4142,3329,8658.3,10736,11694,8810,11539,9341,10773,10344,9114,9031,10455,9520,7204,9575,8902
21.271,4633,2016,1519,4451,3479,8639.3,10860,11999,9063,11755,9304,10989,10204,9094,9198,10671,9813,7280,9711,8968
21.321,4668,2110,1511,4349,3498,8650.7,10974,12006,9227,12025,9566,10866,10351,9106,8951,10744,9733,7260,9838,9030
21.371,4765,2209,1470,4316,3592,8934.75,10927,12170,9135,11943,9430,10946,10477,9405,9232,11023,10063,7203,9914,9119
21.422,4848,2173,1540,4582,3619,8948.05,11051,12462,9244,12078,9567,10975,10585,9419,9213,10845,10006,7415,9946,8875
21.472,4757,2249,1569,4410,3726,8819.8,11204,12458,9420,12180,9644,11066,10328,9284,9192,11151,9948,7276,9882,9273
21.522,4956,2271,1625,4511,3614,8896.75,11218,12567,9258,12074,9552,11147,10828,9365,9274,10937,10106,7337,9986,9192
21.573,4905,2266,1624,4605,3630,8978.45,11241,12743,9478,12240,9564,11162,10646,9451,9251,11151,10348,7304,10071,9217
21.623,5026,2098,1536,4485,3811,9163.7,11240,12828,9451,12308,9678,11180,10850,9646,9215,11115,10217,7325,10101,9245
21.673,5161,2195,1643,4537,3729,9012.65,11341,12776,9515,12388,9688,11349,10854,9487,9339,11021,10307,7228,10084,9239
21.723,5224,2112,1600,4706,3748,9174.15,11389,13005,9461,12448,9600,11329,10876,9657,9173,10906,10397,7212,10226,9263
21.774,5266,2100,1556,4709,3717,9002.2,11500,13195,9439,12338,9597,11215,10885,9476,9218,11148,10426,7193,10072,9224
21.824,5325,2108,1664,4731,3808,9161.8,11319,13190,9573,12590,9610,11329,10857,9644,9206,10857,10372,7199,10344,9189
21.874,5504,2185,1689,4758,3830,9058.25,11307,13125,9598,12287,9493,11211,10933,9535,9308,11214,10479,7261,10223,9324
21.925,5471,2098,1681,4702,3731,9158.95,11380,13069,9497,12472,9448,10982,10864,9641,9160,11158,10628,7095,10191,9251
21.975,5642,2085,1708,4688,3812,9119.05,11295,13274,9617,12379,9370,11060,10738,9599,9256,10998,10358,7013,10153,9313
22.025,5530,1990,1743,4677,3912,9018.35,11229,13464,9467,12381,9334,11056,10639,9493,9343,10922,10325,7059,9989,9341
22.076,5737,2069,1640,4615,3788,8917.65,11161,13226,9621,12090,9325,10895,10657,9387,9161,10968,10478,6994,10044,9148
22.126,5666,2068,1801,4706,3900,9017.4,11085,13404,9409,12180,9382,10651,10564,9492,9177,10954,10440,7110,10161,9229
22.176,5838,2041,1724,4727,3783,8911.95,11160,13420,9212,12128,9068,10791,10526,9381,9035,10979,10235,7154,9920,8996
22.227,5778,1980,1623,4656,3977,8812.2,11138,13188,9305,12035,8989,10797,10465,9276,9100,10872,10174,6911,9988,9045
22.277,5900,2082,1756,4786,3795,8663.05,11001,13250,9261,11999,9014,10495,10413,9119,8959,10922,10082,6979,9805,8968
22.327,5816,2010,1694,4634,3871,8685.85,10782,12889,9165,11675,8889,10543,10288,9143,9077,10578,10004,6897,9649,8727
22.378,5783,1930,1747,4644,3808,8563.3,10839,13088,8970,11750,8648,10418,9909,9014,8837,10279,9831,6948,9620,8616
22.428,5854,1935,1754,4551,3609,8352.4,10821,13015,8902,11573,8810,10285,9906,8792,8679,10350,9758,6895,9426,8585
22.478,5815,1999,1702,4467,3730,8321.05,10603,12839,8878,11528,8707,10150,9844,8759,8517,10275,9780,6886,9498,8508
22.529,5779,2005,1698,4575,3782,8176.65,10352,12610,8629,10989,8518,10000,9698,8607,8528,10153,9483,6691,9133,8373
22.579,5782,1976,1691,4344,3672,8228.9,10272,12580,8526,10800,8549,9877,9562,8662,8429,10178,9379,6615,9073,8219
22.629,5696,1871,1551,4270,3676,8004.7,10175,12627,8149,10822,8285,9742,9444,8426,8302,9978,9146,6728,9096,7963
22.679,5757,1941,1675,4218,3540,7902.1,10037,12176,8444,10587,8191,9636,9217,8318,8364,9688,9113,6382,8922,7828
22.73,5699,1853,1604,4292,3539,7710.2,9922,11817,8224,10412,8178,9215,9151,8116,8180,9509,8804,6436,8689,7809
22.78,5609,1819,1575,4051,3395,7578.15,9931,11974,8097,10247,7977,9011,8864,7977,7886,9480,8717,6491,8496,7748
22.83,5565,1804,1538,4052,3435,7429.95,9598,11751,7904,10023,7981,9034,8596,7821,7943,9000,8676,6408,8397,7420
22.881,5512,1811,1569,3939,3321,7391,9502,11521,8031,9736,7749,8868,8355,7780,7784,8995,8386,6215,8316,7276
22.931,5407,1820,1548,3839,3303,7148.75,9271,11385,7624,9715,7591,8706,8454,7525,7708,8924,8384,6389,8224,7182
22.981,5265,1760,1503,3920,3253,7116.45,9084,10796,7684,9312,7481,8341,8285,7491,7546,8674,8175,6292,7959,6935
23.032,5214,1744,1510,3748,2963,6992.95,9104,10682,7424,9184,7246,8465,7977,7361,7438,8573,7883,6274,7863,6965
23.082,5120,1800,1503,3665,3063,6842.85,9039,10607,7062,9085,7233,8209,7897,7203,7294,8372,7902,5976,7737,6947
23.132,4945,1695,1431,3659,3197,6675.65,8845,10288,7051,8723,7154,8121,7660,7027,7230,8099,7628,6077,7474,6764
23.183,4832,1696,1453,3571,3005,6697.5,8647,10160,7068,8886,7153,8026,7506,7050,7306,7848,7572,5910,7522,6538
23.233,4888,1626,1440,3508,2920,6625.3,8567,10000,6981,8485,7061,7726,7426,6974,7019,7732,7442,5925,7359,6383
23.283,4661,1700,1467,3371,2855,6402.05,8279,9485,6882,8433,6924,7675,7218,6739,7020,7708,7172,5798,7187,6241
23.334,4604,1529,1372,3275,2766,6120.85,8082,9491,6545,8061,6751,7414,7129,6443,6833,7604,7051,5751,6928,6110
23.384,4475,1563,1329,3274,2777,6047.7,8141,9546,6519,7974,6622,7172,6826,6366,6874,7405,7107,5794,6942,6065
23.434,4320,1645,1363,3198,2683,6087.6,8018,9322,6312,7979,6528,7389,6689,6408,6746,7322,6820,5633,6771,5771
23.484,4339,1680,1466,3083,2674,6067.65,7757,9241,6052,7727,6567,7064,6635,6387,6683,7048,6873,5776,6616,5672
23.535,4100,1707,1475,3139,2626,5885.25,7582,8792,6153,7672,6433,6962,6407,6195,6661,7066,6503,5545,6715,5852
23.585,4080,1684,1363,2983,2519,5879.55,7448,8646,6073,7574,6357,6751,6489,6189,6404,6936,6413,5481,6402,5724
23.635,4079,1530,1375,2987,2569,5642.05,7482,8427,5953,7157,6215,6825,6443,5939,6426,6998,6238,5413,6328,5604
23.686,3962,1514,1297,2822,2439,5626.85,7353,8182,5764,7333,6042,6734,6255,5923,6231,6611,6029,5500,6313,5451
23.736,3826,1423,1252,2818,2385,5511.9,7163,8257,5666,7084,6078,6538,6093,5802,6283,6561,6067,5424,6276,5449
23.786,3740,1514,1215,2748,2317,5475.8,6994,8031,5572,7029,6075,6586,5972,5764,6060,6443,5997,5450,6071,5246
23.837,3597,1480,1239,2709,2346,5285.8,6927,7870,5486,6885,5917,6368,5806,5564,5917,6371,5845,5381,6025,5346
23.887,3464,1428,1212,2624,2262,5261.1,6824,7556,5513,6774,5841,6333,5946,5538,5972,6089,5747,5286,5957,5202
23.937,3545,1529,1062,2576,2245,5369.4,6640,7586,5432,6767,5856,6165,5714,5652,5958,6211,5701,5278,5784,5132
23.988,3430,1381,1076,2640,2182,5223.1,6397,7426,5281,6660,5767,6123,5716,5498,5946,6108,5714,5256,5858,5099
24.038,3358,1325,1037,2476,2067,5214.55,6576,6985,5266,6586,5783,6124,5455,5489,5881,6092,5560,5343,5762,5004
24.088,3277,1285,1010,2303,2117,5017.9,6537,7084,5077,6381,5683,5912,5512,5282,5845,5918,5434,5502,5756,4913
24.139,3132,1338,1054,2354,1972,4957.1,6524,6998,5181,6249,5692,5870,5513,5218,5868,5762,5498,5315,5571,5009
24.189,3000,1366,1099,2303,2088,4867.8,6383,6928,5024,6091,5644,5987,5461,5124,5772,5865,5273,5295,5622,4711
24.239,3044,1531,1204,2358,2039,4758.55,6334,6860,4845,6172,5497,5806,5403,5009,5878,5694,5132,5192,5448,4871
24.29,3019,1784,1332,2314,1982,4886.8,6287,6604,5016,6102,5405,5725,5279,5144,5613,5541,5215,5077,5370,4661
24.34,2847,2602,1801,2291,1943,4740.5,6188,6833,4861,6140,5294,5614,5296,4990,5553,5534,5231,5046,5396,4725
24.39,2870,3774,1848,2236,1919,4762.35,6105,6726,4834,5945,5321,5652,5133,5013,5476,5588,5022,4946,5330,4776
24.44,2908,3240,1414,2181,1943,4688.25,6060,6417,4797,5998,5301,5727,4976,4935,5310,5443,4937,5059,5238,4616
24.491,2775,2067,1005,2182,1861,4681.6,5827,6398,4817,5783,5198,5562,4966,4928,5296,5376,5004,5023,5230,4593
24.541,2645,1378,951,2115,1843,4680.65,5686,6161,4701,5754,5201,5515,4940,4927,5285,5372,4919,4943,5079,4480
24.591,2619,1175,879,2119,1856,4693,5711,6271,4659,5893,5030,5515,5068,4940,5284,5274,4790,4906,5069,4532
24.642,2672,1134,869,2106,1796,4674.95,5730,6035,4532,5659,5182,5377,4915,4921,5254,5424,4922,4906,5055,4444
24.692,2635,1185,874,2171,1780,4634.1,5571,6049,4544,5720,5102,5256,4829,4878,5114,5222,4684,4811,5007,4376
24.742,2404,1058,841,2065,1798,4532.45,5576,6049,4572,5635,5182,5310,4839,4771,4914,5199,4634,4651,5032,4389
24.793,2431,1126,823,2002,1753,4355.75,5438,5879,4575,5525,5002,5365,4823,4585,5147,5262,4632,4797,4906,4312
24.843,2513,1037,882,2024,1704,4441.25,5429,5659,4483,5442,4967,5169,4802,4675,4975,5143,4564,4775,4820,4377
24.893,2407,1047,842,1936,1690,4513.45,5436,5853,4456,5548,5049,5053,4640,4751,5166,5103,4675,4670,4846,4321
24.944,2383,1012,873,2055,1690,4328.2,5380,5790,4447,5325,4967,5255,4716,4556,4873,4964,4478,4739,4795,4384
24.994,2299,1036,793,1979,1689,4310.15,5400,5658,4442,5461,5003,5060,4605,4537,4940,5077,4507,4702,4835,4341
25.044,2375,1041,926,1966,1663,4263.6,5290,5493,4385,5344,4884,5081,4690,4488,4889,4745,4457,4716,4761,4315
25.095,2300,999,846,1925,1675,4338.65,5288,5524,4276,5335,4860,5114,4588,4567,4781,4888,4529,4632,4717,4354
25.145,2319,1009,794,1893,1631,4279.75,5267,5543,4269,5083,4907,5080,4607,4505,4791,4912,4439,4551,4679,4384
25.195,2216,1022,759,1897,1627,4305.4,5262,5572,4243,5317,4809,4959,4616,4532,4938,4792,4471,4573,4737,4233
25.246,2291,1027,805,1883,1549,4173.35,5167,5438,4120,5319,4861,4986,4634,4393,4834,4807,4332,4489,4779,4290
25.296,2160,1000,826,1817,1585,4206.6,5172,5402,4099,5205,4878,5039,4531,4428,4731,4781,4395,4519,4659,4178
25.346,2250,996,792,1850,1576,4233.2,5046,5351,4293,5116,4840,4936,4540,4456,4733,4738,4294,4576,4606,4230
25.396,2172,1003,777,1843,1492,4087.85,5031,5329,4202,5071,4774,4932,4513,4303,4828,4727,4315,4520,4630,4224
25.447,2168,970,753,1696,1527,4186.65,4934,5292,4105,5080,4801,4882,4412,4407,4739,4671,4353,4497,4574,4169
25.497,2077,990,780,1907,1558,4230.35,5031,5062,4107,5007,4741,4865,4554,4453,4619,4678,4204,4370,4599,4106
25.547,2025,934,766,1753,1506,4078.35,4904,5106,4095,5144,4733,4876,4596,4293,4584,4722,4329,4389,4643,4245
25.598,2019,997,790,1766,1506,4031.8,4917,4961,4088,5088,4717,4890,4493,4244,4703,4596,4272,4498,4482,4180
25.648,2071,992,749,1832,1467,4121.1,5001,5123,4170,5007,4695,4611,4434,4338,4745,4483,4262,4432,4638,4208
25.698,1996,973,782,1831,1442,4078.35,4869,5074,4118,4884,4647,4981,4403,4293,4631,4550,4231,4371,4627,4075
25.749,1930,903,785,1806,1472,4167.65,4999,5088,4093,4983,4666,4914,4353,4387,4595,4490,4197,4387,4415,4101
25.799,2013,916,735,1794,1488,4060.3,4991,4991,4030,4958,4723,4956,4454,4274,4631,4498,4126,4366,4395,4148
25.849,1892,927,805,1694,1446,4054.6,4857,5046,3990,4986,4667,4866,4288,4268,4485,4550,4017,4407,4526,4188
25.9,1962,944,700,1597,1451,4014.7,4793,5015,4010,4893,4627,4817,4456,4226,4543,4453,4019,4476,4522,4138
25.95,1951,937,708,1678,1442,3968.15,4772,5049,4091,4822,4624,4793,4317,4177,4525,4418,4017,4316,4410,4041
26,1895,952,710,1678,1396,4085,4775,4950,4051,4803,4622,4659,4284,4300,4540,4326,3985,4525,4460,4048
26.051,1859,921,778,1676,1387,3907.35,4757,4896,3948,4895,4616,4743,4401,4113,4546,4395,4000,4242,4283,4077
26.101,1924,909,720,1720,1378,3943.45,4731,4862,3816,4968,4648,4728,4362,4151,4562,4476,4055,4382,4548,4117
26.151,1916,946,746,1730,1417,3954.85,4693,4844,3949,4942,4609,4824,4340,4163,4414,4381,4016,4281,4390,4246
26.202,1841,845,719,1709,1423,3793.35,4720,4771,4030,4826,4603,4715,4205,3993,4410,4389,3984,4332,4342,4155
26.252,1894,871,789,1661,1444,3950.1,4604,4762,3836,4728,4478,4795,4355,4158,4497,4320,3993,4330,4289,4089
26.302,1870,940,740,1714,1406,3853.2,4734,4699,3981,4813,4529,4675,4280,4056,4426,4227,3902,4297,4231,4050
26.352,1917,928,719,1789,1533,3967.2,4720,4682,3952,4764,4520,4805,4486,4176,4404,4354,3893,4292,4231,4110
26.403,1898,953,696,1740,1540,3952.95,4570,4769,3730,4710,4544,4650,4226,4161,4386,4139,3925,4117,4239,4034
26.453,1803,932,692,1622,1635,3815.2,4434,4606,3768,4607,4470,4580,4315,4016,4322,4349,3896,4209,4385,4102
26.503,2032,873,703,1737,1864,3926.35,4451,4729,3799,4734,4470,4585,4295,4133,4326,4265,3841,4143,4299,4099
26.554,2413,873,704,1777,1922,3880.75,4476,4641,3880,4694,4476,4576,4222,4085,4343,4179,3891,4205,4346,4139
26.604,2581,919,693,1895,2264,4045.1,4543,4562,3877,4559,4552,4718,4210,4258,4317,4389,3827,4348,4184,4077
26.654,2225,902,713,1810,2431,3890.25,4513,4520,3819,4606,4573,4552,4352,4095,4250,4181,3787,4180,4151,4134
26.705,1897,893,657,1755,2353,3838.95,4391,4576,3757,4585,4477,4634,4175,4041,4350,4245,3918,4238,4271,4210
26.755,1788,834,709,1709,1942,3772.45,4494,4612,3757,4603,4606,4605,4292,3971,4285,4220,3851,4196,4279,4088
26.805,1798,864,647,1688,1581,3772.45,4315,4468,3694,4562,4350,4469,4172,3971,4369,4135,3822,4245,4232,4049
26.856,1621,886,724,1579,1343,3769.6,4417,4488,3716,4623,4505,4514,4119,3968,4261,4234,3781,4158,4309,4202
26.906,1753,900,690,1600,1270,3842.75,4423,4433,3865,4621,4481,4617,4327,4045,4237,4212,3685,4234,4172,4123
26.956,1676,869,651,1587,1313,3800,4339,4426,3877,4533,4561,4570,4251,4000,4196,4156,3681,4068,4140,4086
27.007,1707,802,754,1512,1311,3771.5,4365,4394,3789,4368,4416,4509,4244,3970,4251,4124,3777,4155,4192,4115
27.057,1652,839,698,1568,1250,3727.8,4325,4373,3722,4520,4344,4551,4169,3924,4148,4009,3668,4047,4157,4147
27.107,1668,866,732,1542,1333,3795.25,4324,4465,3846,4459,4550,4500,4275,3995,4254,4173,3808,4079,4248,4063
27.157,1694,857,686,1559,1333,3815.2,4333,4369,3771,4362,4378,4548,4143,4016,4250,4177,3771,4131,4254,4079
27.208,1692,838,740,1576,1171,3889.3,4343,4257,3609,4501,4526,4453,4183,4094,4132,4058,3717,4147,4143,4110
27.258,1615,813,720,1491,1278,3714.5,4218,4341,3686,4542,4371,4662,4325,3910,4144,4070,3747,4149,4085,4164
27.308,1613,792,736,1544,1194,3740.15,4338,4354,3640,4526,4468,4618,4313,3937,4147,4047,3721,4146,4111,4030
27.359,1657,838,693,1498,1223,3717.35,4318,4295,3726,4500,4393,4642,4235,3913,4256,4050,3656,4104,4243,4108
27.409,1646,843,688,1582,1260,3794.3,4216,4217,3634,4549,4420,4555,4176,3994,4181,4150,3605,4278,4147,4208
27.459,1751,781,685,1559,1279,3823.75,4170,4150,3747,4571,4451,4508,4109,4025,4144,4078,3648,4100,4156,4134
27.51,1716,832,740,1554,1290,3762.95,4388,4242,3751,4462,4400,4454,4245,3961,4221,4024,3516,4169,4148,4131
27.56,1667,826,698,1604,1234,3922.55,4253,4119,3613,4434,4449,4531,4283,4129,4241,4001,3670,4117,4141,4179
27.61,1659,832,701,1617,1217,3721.15,4143,4105,3561,4507,4402,4553,4248,3917,4092,4079,3579,4061,4115,4140
27.661,1685,846,693,1615,1259,3813.3,4068,4151,3725,4526,4448,4456,4102,4014,4169,4057,3676,4126,4003,4155
27.711,1608,847,662,1519,1260,3843.7,4162,4163,3569,4442,4477,4419,4310,4046,4004,3954,3652,4114,4025,4227
27.761,1701,834,639,1579,1255,3783.85,4080,4142,3612,4304,4352,4448,4246,3983,3989,3998,3588,4111,4135,4120
27.812,1714,780,692,1513,1245,3649.9,4050,4204,3622,4357,4420,4573,4367,3842,4212,3983,3569,4061,4130,4242
27.862,1638,810,649,1510,1179,3772.45,4193,4137,3731,4282,4510,4539,4231,3971,3974,3971,3576,4063,4234,4137
27.912,1602,830,645,1483,1285,3673.65,4087,4158,3794,4390,4460,4535,4353,3867,4114,3963,3576,4118,4106,4156
27.963,1600,837,685,1571,1326,3768.65,4158,4042,3759,4257,4434,4540,4341,3967,4178,3995,3679,4024,4079,4145
28.013,1656,821,697,1503,1295,3812.35,4177,4031,3890,4327,4382,4543,4466,4013,4177,3940,3663,4152,4114,4272
28.063,1605,804,755,1504,1301,3830.4,4035,4094,4117,4322,4379,4508,4529,4032,4046,3857,3562,4087,3998,4251
28.113,1639,798,694,1464,1172,3848.45,4023,4165,4244,4337,4556,4535,4437,4051,4065,3952,3636,4040,4030,4128
28.164,1570,848,714,1493,1216,3779.1,3920,3983,4343,4395,4484,4536,4358,3978,4126,3963,3597,3921,4015,4246
28.214,1617,792,769,1539,1240,3846.55,4107,4057,4307,4439,4383,4372,4286,4049,4147,3909,3595,4070,3975,4240
28.264,1606,927,801,1405,1188,3848.45,4115,4018,4161,4331,4478,4461,4286,4051,4022,3916,3621,4112,3986,4144
28.315,1662,944,802,1507,1219,3744.9,3967,3957,3900,4277,4352,4447,4235,3942,4017,3847,3523,3952,3960,4175
28.365,1649,896,735,1500,1160,3711.65,4062,3968,3755,4301,4386,4523,4059,3907,4029,3909,3565,4020,4173,4058
28.415,1609,852,777,1458,1172,3613.8,3897,3944,3622,4416,4500,4473,4157,3804,4121,3901,3437,4043,4073,4124
28.466,1591,798,672,1504,1194,3648.95,4005,3983,3571,4244,4360,4440,4141,3841,4035,3873,3498,4111,3988,4175
28.516,1523,769,622,1412,1173,3705.95,3946,3861,3580,4191,4364,4429,4151,3901,4073,3941,3423,4091,4088,4202
28.566,1616,784,658,1459,1173,3696.45,3941,3996,3550,4364,4529,4478,4206,3891,4132,3971,3424,4073,3950,4221
28.617,1575,792,768,1454,1118,3619.5,4047,3894,3542,4271,4356,4272,4130,3810,3891,3794,3437,3942,3940,4253
28.667,1509,810,677,1458,1141,3647.05,4064,3761,3494,4313,4392,4499,4103,3839,4028,3933,3500,4087,3981,4223
28.717,1534,810,766,1473,1108,3710.7,3909,3990,3542,4174,4404,4498,4154,3906,4085,3997,3451,4076,3928,4142
28.768,1570,841,757,1497,1141,3718.3,3928,3820,3420,4176,4306,4384,4087,3914,4053,3781,3384,3973,3926,4160
28.818,1557,792,779,1392,1139,3628.05,3892,3765,3543,4260,4318,4377,4186,3819,4011,3833,3357,3984,3879,4170
28.868,1518,799,800,1426,1108,3603.35,3901,3858,3432,4268,4335,4474,4214,3793,3943,3933,3451,4020,3957,4179
28.919,1486,746,741,1446,1148,3657.5,3986,3907,3449,4215,4447,4436,4185,3850,3992,3859,3325,3988,3972,4232
28.969,1519,752,765,1380,1120,3549.2,3938,3841,3501,4145,4463,4378,4224,3736,3966,3741,3279,4017,3921,4140
29.019,1524,743,700,1396,1092,3666.05,3907,3798,3429,4129,4288,4460,4108,3859,4080,3802,3353,3997,3906,4226
29.069,1566,743,729,1425,1148,3680.3,3860,3762,3560,4144,4463,4474,4204,3874,3997,3825,3405,4013,4028,4348
29.12,1597,781,683,1377,1123,3671.75,3881,3725,3424,4185,4229,4350,4071,3865,3821,3753,3428,4026,3952,4212
29.17,1546,759,681,1404,1062,3522.6,3885,3752,3372,4098,4510,4474,4103,3708,3934,3834,3275,3919,3885,4326
29.22,1491,739,722,1495,1072,3579.6,3895,3727,3525,4255,4571,4421,4201,3768,3883,3877,3296,3940,3854,4285
29.271,1514,778,674,1427,1042,3536.85,3951,3707,3561,4163,4532,4395,4035,3723,4024,3659,3273,3916,3942,4219
29.321,1486,736,761,1426,1077,3526.4,3872,3841,3467,4133,4398,4458,4095,3712,3890,3716,3356,4071,3898,4260
29.371,1570,739,825,1357,1096,3608.1,3814,3788,3550,4051,4447,4388,4055,3798,3905,3791,3289,3947,3999,4223
29.422,1547,737,746,1425,1134,3549.2,3898,3597,3438,4087,4377,4427,4276,3736,3899,3703,3270,3993,4030,4254
29.472,1515,727,668,1404,1049,3601.45,3778,3731,3418,4212,4390,4399,4170,3791,4051,3686,3263,4113,3953,4188
29.522,1480,708,678,1362,1155,3596.7,3866,3696,3297,4136,4388,4353,3968,3786,4029,3797,3328,4093,3957,4295
29.573,1468,792,710,1437,1020,3539.7,3923,3729,3418,4246,4395,4401,4011,3726,3885,3699,3289,4023,4022,4214
29.623,1573,773,702,1406,1154,3583.4,3853,3666,3471,4118,4398,4468,4145,3772,4002,3828,3324,4053,3976,4185
29.673,1472,826,737,1407,1036,3508.35,3751,3647,3395,4171,4420,4403,4114,3693,3899,3671,3280,4024,3975,4174
29.724,1457,853,721,1375,1106,3467.5,3856,3593,3393,4167,4475,4293,4125,3650,4123,3783,3254,4027,3908,4294
29.774,1482,790,714,1361,1054,3506.45,3867,3656,3422,4095,4400,4381,4025,3691,3960,3788,3243,3981,3929,4257
29.824,1431,840,685,1359,1071,3697.4,3813,3697,3406,4031,4343,4334,4054,3892,3998,3745,3305,4116,3994,4288
29.874,1477,768,687,1448,1038,3585.3,3925,3663,3339,4128,4385,4327,4061,3774,3964,3697,3306,4057,3808,4128
29.925,1428,835,704,1394,1104,3529.25,3809,3620,3394,4054,4349,4386,4072,3715,3919,3681,3282,3947,3929,4121
29.975,1459,909,829,1353,1046,3512.15,3834,3630,3335,4189,4332,4402,4112,3697,4048,3703,3316,3947,3929,4298
30.025,1420,1091,922,1395,1108,3583.4,3832,3660,3402,4125,4312,4338,4104,3772,3859,3735,3357,3890,3837,4297
30.076,1457,1393,1086,1426,1028,3622.35,3880,3564,3347,4083,4206,4299,3882,3813,3840,3626,3253,3916,3782,4234
30.126,1356,1672,1034,1337,1109,3497.9,3874,3505,3375,4057,4437,4365,4175,3682,3845,3723,3286,3899,3923,4225
30.176,1453,1308,862,1313,1119,3483.65,3769,3581,3292,4099,4287,4387,4108,3667,3823,3686,3128,3937,3829,4294
30.227,1452,1028,735,1377,1034,3592.9,3759,3608,3327,4112,4302,4224,4036,3782,3834,3692,3181,3904,3824,4202
30.277,1471,765,668,1375,1076,3478.9,3740,3473,3393,4013,4444,4160,3926,3662,3799,3703,3294,3941,3859,4207
30.327,1497,733,650,1377,1007,3403.85,3708,3524,3399,3995,4308,4358,4104,3583,3808,3616,3189,3812,3879,4165
30.378,1418,748,628,1325,1054,3411.45,3530,3568,3331,3987,4346,4409,4210,3591,3772,3595,3184,3975,3818,4102
30.428,1413,748,624,1318,1054,3492.2,3609,3577,3308,4007,4287,4302,3993,3676,3751,3545,3187,3871,3796,4140
30.478,1503,770,635,1312,1052,3513.1,3641,3461,3328,4064,4373,4400,3933,3698,3727,3609,3129,3880,3872,4207
30.529,1394,750,693,1371,1068,3429.5,3664,3431,3345,3996,4291,4347,4109,3610,3871,3566,3120,3787,3757,4220
30.579,1462,766,663,1350,1057,3489.35,3723,3473,3307,4003,4290,4224,4124,3673,3782,3526,3215,3837,3810,4095
30.629,1366,818,698,1312,974,3514.05,3663,3464,3252,3934,4294,4251,4028,3699,3821,3475,3231,3948,3703,4264
30.68,1387,852,696,1308,1079,3393.4,3716,3494,3217,4003,4155,4220,3941,3572,3734,3442,3171,3896,3677,4097
30.73,1340,876,712,1340,1006,3486.5,3514,3598,3301,3933,4230,4363,4066,3670,3774,3585,3140,3877,3909,4098
30.78,1462,791,719,1220,1059,3449.45,3544,3606,3159,3938,4209,4226,3997,3631,3710,3557,3067,3790,3799,4122
30.83,1368,896,706,1287,993,3577.7,3572,3336,3258,3933,4155,4222,4010,3766,3808,3562,3149,3796,3802,4122
30.881,1381,848,796,1232,978,3483.65,3620,3444,3240,3866,4164,4298,3872,3667,3819,3547,3157,3759,3841,4108
30.931,1405,763,637,1263,1010,3363,3549,3450,3284,3954,4291,4280,3977,3540,3655,3591,3175,3750,3845,4123
30.981,1383,714,621,1293,998,3477.95,3662,3400,3292,3952,4277,4202,4064,3661,3680,3511,3122,3771,3809,4131
31.032,1369,698,646,1336,932,3532.1,3569,3424,3258,3833,4151,4178,4008,3718,3627,3481,3152,3731,3757,4179
31.082,1376,708,688,1248,966,3414.3,3511,3395,3212,4034,4154,4196,3877,3594,3803,3514,3190,3826,3692,4149
31.132,1393,672,631,1289,963,3424.75,3596,3443,3298,3965,4201,4248,3837,3605,3834,3496,3135,3795,3762,4022
31.183,1375,637,624,1217,1022,3326.9,3576,3369,3214,3979,4135,4200,4042,3502,3670,3538,3042,3666,3693,4115
31.233,1374,682,633,1243,997,3406.7,3452,3421,3303,4034,4253,4108,3916,3586,3694,3590,3047,3813,3713,4172
31.283,1338,731,683,1256,1010,3395.3,3473,3292,3191,4013,4167,4103,3826,3574,3694,3576,3186,3743,3757,4039
31.334,1340,691,679,1331,1032,3392.45,3552,3300,3177,4060,4171,4096,3842,3571,3688,3513,3081,3840,3695,4300
31.384,1425,733,711,1233,924,3416.2,3412,3421,3201,3927,3985,4203,3943,3596,3637,3421,3103,3853,3678,4093
31.434,1401,841,682,1239,1011,3355.4,3497,3261,3195,3982,4124,4070,3786,3532,3688,3530,3129,3701,3691,3971
31.485,1315,914,671,1297,1003,3382,3483,3405,3236,3924,4099,4247,3828,3560,3659,3531,3068,3747,3633,4014
31.535,1332,815,683,1281,1023,3379.15,3513,3246,3262,3937,4181,4121,3866,3557,3673,3463,3077,3690,3664,3928
31.585,1338,757,641,1263,1022,3387.7,3550,3286,3182,4017,4069,4185,3954,3566,3677,3387,3163,3741,3638,4080
31.636,1364,685,633,1299,950,3453.25,3593,3440,3313,3749,4061,4084,3901,3635,3538,3526,3055,3666,3689,3968
31.686,1338,674,668,1258,1011,3308.85,3454,3261,3243,3938,4163,4198,3836,3483,3670,3381,3101,3641,3672,4057
31.736,1309,658,669,1254,980,3360.15,3546,3295,3059,3937,4042,4097,3960,3537,3577,3479,3163,3659,3702,4071
31.786,1365,728,695,1273,983,3350.65,3527,3331,3238,3913,4145,4096,3809,3527,3609,3431,3177,3812,3613,4030
31.837,1343,692,613,1310,1035,3374.4,3455,3259,3115,3887,3977,4075,3920,3552,3704,3446,3065,3701,3579,3970
31.887,1295,671,651,1279,999,3406.7,3464,3226,3195,3975,4205,4004,3876,3586,3800,3480,3109,3833,3514,4135
31.937,1394,637,646,1219,951,3450.4,3453,3266,3180,3962,4112,4189,3766,3632,3760,3495,3128,3843,3660,4049
31.988,1364,640,550,1274,1047,3355.4,3576,3316,3163,3863,4091,4159,3743,3532,3804,3446,3096,3810,3738,3959
32.038,1382,702,599,1243,994,3414.3,3475,3283,3152,3967,4047,4091,3795,3594,3797,3432,3064,3668,3667,4064
32.088,1309,676,600,1302,962,3338.3,3614,3302,3197,3759,4011,4150,3764,3514,3763,3395,2979,3688,3679,3997
32.139,1320,707,631,1247,961,3456.1,3631,3275,3309,3784,4073,4004,3773,3638,3644,3372,3067,3666,3731,3954
32.189,1375,729,649,1282,975,3224.3,3482,3287,3256,3671,3983,4091,3860,3394,3536,3272,3134,3644,3578,4002
32.239,1334,750,711,1286,1036,3325,3552,3334,3270,3924,3976,4084,3804,3500,3519,3495,3107,3673,3590,4017
32.29,1371,719,648,1224,1006,3302.2,3415,3194,3169,3825,4081,4057,3795,3476,3629,3418,3031,3622,3612,3895
32.34,1345,719,687,1239,1030,3329.75,3435,3290,3163,3914,4014,4116,3847,3505,3532,3438,3046,3575,3549,4037
32.39,1338,679,718,1269,1030,3381.05,3383,3376,3132,3831,4084,4002,3775,3559,3557,3487,3039,3746,3567,3989
32.441,1296,628,639,1230,986,3393.4,3378,3170,3345,3883,3910,4132,3742,3572,3654,3416,3015,3569,3569,3933
32.491,1318,686,656,1267,994,3428.55,3356,3295,3296,3954,3918,4075,3840,3609,3489,3407,3081,3524,3696,3932
32.541,1335,621,640,1329,1004,3267.05,3359,3395,3173,3843,4013,4050,3798,3439,3525,3457,3192,3522,3564,3933
32.591,1352,672,680,1293,964,3367.75,3408,3280,3164,3892,4014,4065,3855,3545,3638,3422,3048,3629,3595,3895
32.642,1397,688,592,1291,923,3287,3328,3228,3257,3904,4007,3971,3834,3460,3541,3391,3171,3625,3638,3907
32.692,1335,698,624,1201,1011,3382,3294,3202,3269,3813,4018,4043,3873,3560,3530,3479,3224,3535,3663,3998
32.742,1364,698,600,1217,1001,3420.95,3469,3202,3123,4009,3994,4061,3705,3601,3575,3408,3126,3579,3560,3934
32.793,1429,630,579,1272,976,3301.25,3478,3197,3221,3861,4016,4196,3835,3475,3514,3420,3180,3436,3567,3886
32.843,1282,673,615,1280,1003,3343.05,3459,3271,3227,3803,3931,4228,3749,3519,3521,3499,3082,3483,3562,3965
32.893,1362,638,660,1245,1035,3287,3446,3279,3320,3852,3974,4081,3781,3460,3583,3422,3118,3569,3553,3953
32.944,1423,661,614,1267,1011,3390.55,3438,3366,3334,3844,3954,4144,3826,3569,3495,3392,3115,3506,3657,4100
32.994,1381,655,628,1295,1046,3326.9,3350,3281,3212,3812,3860,4060,3841,3502,3571,3548,3106,3608,3648,3928
33.044,1368,691,611,1221,982,3417.15,3315,3331,3149,4050,3927,4155,3829,3597,3589,3377,3096,3517,3519,3931
33.095,1344,699,619,1258,1038,3406.7,3384,3391,3308,3710,3913,4174,3918,3586,3416,3484,3081,3458,3631,3794
33.145,1388,657,627,1232,1006,3381.05,3423,3304,3239,3969,4015,4104,3778,3559,3409,3441,3168,3553,3643,3883
33.195,1438,698,629,1266,1009,3301.25,3441,3381,3340,3841,3924,4204,3807,3475,3425,3459,3131,3603,3591,3956
33.246,1417,662,664,1303,970,3373.45,3403,3333,3275,3930,4056,4198,3879,3551,3487,3483,3141,3598,3564,3913
33.296,1467,743,650,1271,1009,3374.4,3472,3324,3361,4032,3915,4133,3750,3552,3574,3529,3151,3544,3554,4062
33.346,1406,658,626,1270,1015,3350.65,3442,3437,3303,3974,3999,4133,3852,3527,3637,3510,3231,3526,3543,3945
33.397,1406,671,685,1335,1034,3373.45,3496,3367,3407,3895,3977,4029,3813,3551,3525,3488,3142,3463,3609,4067
33.447,1452,673,646,1225,1026,3419.05,3398,3387,3290,4052,4028,4056,3793,3599,3487,3478,3152,3486,3496,3949
33.497,1387,676,667,1302,1036,3407.65,3508,3443,3262,3920,4068,4068,3818,3587,3546,3378,3070,3550,3717,3953
33.547,1439,696,678,1248,983,3360.15,3480,3403,3351,3979,4015,4138,4029,3537,3610,3501,3253,3483,3537,3902
33.598,1355,706,674,1328,1046,3449.45,3462,3447,3358,3884,3953,4125,3837,3631,3603,3335,3206,3555,3626,3978
33.648,1374,692,693,1260,1007,3367.75,3527,3399,3303,4006,4107,4167,3958,3545,3532,3561,3154,3528,3575,4004
33.698,1437,658,688,1290,1020,3420,3492,3541,3234,4000,4016,4075,3855,3600,3549,3539,3276,3522,3585,3832
33.749,1424,654,722,1296,1000,3391.5,3438,3477,3282,3858,3948,3971,3775,3570,3512,3448,3127,3473,3556,3828
33.799,1413,681,742,1285,1028,3272.75,3532,3338,3328,3980,3989,4141,3844,3445,3457,3554,3304,3421,3601,3861
33.849,1511,692,736,1344,1027,3427.6,3581,3485,3341,3938,4080,4244,3826,3608,3584,3605,3253,3422,3603,3998
33.9,1442,706,725,1353,1005,3481.75,3598,3397,3456,4059,3983,4145,3871,3665,3699,3510,3207,3485,3562,3804
33.95,1485,701,687,1308,1068,3487.45,3525,3524,3271,3941,4048,4153,3856,3671,3562,3503,3228,3424,3673,3985
34,1411,677,684,1325,1041,3436.15,3562,3503,3389,3908,4031,4127,3847,3617,3498,3562,3177,3470,3632,3994
34.051,1424,701,721,1319,1034,3443.75,3444,3560,3364,3999,3912,4080,3909,3625,3612,3439,3399,3369,3563,3834
34.101,1491,676,639,1373,1028,3472.25,3677,3499,3429,4048,3988,4273,3900,3655,3523,3506,3246,3547,3607,3874
34.151,1510,654,642,1363,1040,3342.1,3501,3582,3434,3893,3985,4363,3946,3518,3597,3516,3237,3484,3608,3923
34.202,1495,717,625,1339,999,3448.5,3624,3518,3287,4057,4138,4207,3874,3630,3662,3583,3353,3518,3557,3892
34.252,1424,713,696,1384,1087,3505.5,3540,3592,3451,4066,4047,4224,3992,3690,3586,3610,3385,3332,3594,4003
34.302,1502,698,731,1376,1082,3587.2,3723,3485,3366,4085,3960,4390,3979,3776,3715,3513,3449,3530,3708,3886
34.353,1594,659,760,1384,1106,3578.65,3647,3680,3508,4146,4080,4325,3934,3767,3654,3512,3379,3566,3661,4005
34.403,1487,765,730,1424,1101,3491.25,3663,3574,3528,4078,4083,4327,4011,3675,3704,3561,3439,3527,3684,4030
34.453,1570,724,694,1377,1008,3611.9,3727,3518,3472,4151,4082,4427,4055,3802,3720,3603,3417,3502,3706,4032
34.503,1581,720,654,1363,1145,3535.9,3803,3708,3525,4102,4122,4355,3951,3722,3815,3541,3549,3584,3635,3943
34.554,1585,711,762,1457,1052,3609.05,3662,3706,3539,4124,4103,4276,3969,3799,3646,3567,3523,3588,3704,3912
34.604,1500,710,661,1418,1052,3555.85,3653,3793,3420,4088,4072,4492,3953,3743,3570,3571,3539,3502,3677,3947
34.654,1535,683,712,1385,1108,3526.4,3728,3761,3421,4130,4086,4335,3830,3712,3625,3359,3437,3539,3693,3903
34.705,1483,732,684,1338,1117,3610.95,3774,3820,3550,4055,4082,4365,3918,3801,3531,3575,3419,3488,3638,3864
34.755,1508,686,657,1374,1171,3463.7,3731,3734,3333,4047,3970,4201,3870,3646,3510,3446,3353,3405,3685,3856
34.805,1468,702,698,1431,1108,3455.15,3706,3861,3457,4042,3893,4207,3783,3637,3630,3446,3414,3378,3625,3785
34.856,1487,708,682,1396,1104,3421.9,3605,3636,3523,4030,3964,4273,3912,3602,3498,3568,3332,3449,3643,3742
34.906,1453,715,669,1417,1093,3536.85,3596,3615,3279,3975,4001,4158,3926,3723,3398,3413,3290,3275,3532,3781
34.956,1394,718,673,1360,1054,3451.35,3646,3577,3415,3971,4014,4026,3832,3633,3512,3444,3401,3457,3608,3758
35.007,1354,705,710,1391,1068,3350.65,3611,3636,3374,3868,4012,4022,3851,3527,3492,3426,3254,3525,3448,3767
35.057,1482,769,673,1344,1059,3418.1,3441,3543,3356,4012,3916,4095,3675,3598,3481,3392,3334,3313,3379,3751
35.107,1479,698,678,1360,1129,3291.75,3438,3562,3279,3993,3782,4111,3771,3465,3493,3424,3265,3336,3481,3599
35.158,1380,709,669,1326,1087,3412.4,3517,3580,3198,3971,3719,4018,3648,3592,3536,3365,3233,3325,3566,3668
35.208,1409,710,684,1321,1063,3349.7,3519,3446,3252,3866,3771,4105,3714,3526,3437,3417,3265,3318,3397,3717
35.258,1444,720,641,1343,1044,3416.2,3380,3603,3360,3870,3750,4130,3733,3596,3408,3359,3208,3391,3397,3745
35.308,1397,721,672,1352,1057,3351.6,3505,3418,3193,3888,3728,4036,3619,3528,3446,3357,3229,3341,3416,3727
35.359,1343,704,631,1370,1067,3408.6,3503,3515,3318,3947,3874,4088,3630,3588,3561,3350,3376,3326,3499,3606
35.409,1402,673,622,1367,1101,3320.25,3331,3444,3235,3855,3908,3996,3770,3495,3442,3328,3213,3325,3413,3722
35.459,1384,702,700,1356,1062,3397.2,3457,3450,3194,3847,3697,4020,3558,3576,3511,3319,3290,3260,3434,3548
35.51,1315,732,665,1390,1035,3399.1,3335,3495,3287,3828,3794,3853,3577,3578,3341,3240,3240,3365,3294,3605
35.56,1420,745,679,1325,1060,3256.6,3477,3500,3209,3867,3828,4115,3589,3428,3390,3332,3209,3237,3323,3667
35.61,1409,722,667,1306,1035,3307.9,3537,3496,3180,3852,3571,3964,3584,3482,3395,3358,3276,3367,3385,3687
35.661,1327,716,599,1258,1088,3283.2,3481,3451,3236,3782,3710,3982,3723,3456,3411,3226,3103,3221,3434,3655
35.711,1383,716,657,1328,1085,3256.6,3444,3469,3275,3872,3669,3997,3598,3428,3425,3296,3231,3257,3447,3511
35.761,1339,723,649,1280,1076,3277.5,3353,3419,3234,3864,3675,3845,3562,3450,3387,3309,3273,3154,3395,3626
35.812,1307,758,696,1318,1049,3164.45,3342,3382,3202,3706,3731,3909,3537,3331,3306,3206,3133,3273,3316,3507
35.862,1319,808,746,1289,1107,3259.45,3492,3293,3196,3765,3579,3828,3513,3431,3387,3210,3104,3334,3396,3551
35.912,1400,913,726,1292,1070,3227.15,3466,3466,3209,3785,3718,3841,3590,3397,3313,3109,3138,3268,3467,3606
35.963,1354,982,788,1287,1027,3274.65,3290,3336,3175,3667,3645,3750,3568,3447,3319,3173,3209,3315,3396,3529
36.013,1298,992,749,1214,1045,3169.2,3426,3335,3131,3731,3666,3734,3619,3336,3335,3250,3121,3171,3191,3463
36.063,1320,857,632,1204,1004,3291.75,3362,3426,3089,3761,3558,3721,3434,3465,3324,3193,3136,3209,3192,3416
36.114,1360,758,665,1291,1028,3241.4,3401,3258,3224,3644,3644,3654,3392,3412,3254,3195,3064,3180,3292,3414
36.164,1324,691,635,1236,1040,3185.35,3360,3434,3218,3598,3547,3714,3455,3353,3232,3190,3063,3279,3273,3508
36.214,1359,679,660,1243,983,3257.55,3198,3282,3177,3662,3615,3692,3527,3429,3272,3207,3093,3333,3268,3500
36.264,1313,670,617,1181,979,3208.15,3283,3254,3158,3800,3639,3803,3408,3377,3271,3133,3040,3320,3228,3536
36.315,1274,638,698,1225,1043,3217.65,3354,3294,3070,3634,3542,3862,3448,3387,3364,3137,3057,3215,3280,3385
36.365,1312,631,669,1298,1102,3145.45,3326,3294,3072,3694,3567,3714,3392,3311,3201,3056,3018,3201,3276,3646
36.415,1246,657,688,1311,1121,3121.7,3217,3321,3034,3624,3632,3745,3517,3286,3206,3062,3141,3191,3249,3500
36.466,1337,651,687,1315,1055,3129.3,3316,3319,3096,3530,3658,3663,3373,3294,3245,3075,3058,3213,3240,3444
36.516,1321,658,659,1240,1121,3182.5,3303,3300,3034,3740,3527,3750,3388,3350,3206,3104,3070,3140,3303,3452
36.566,1258,721,711,1191,1029,3188.2,3216,3315,2952,3579,3575,3720,3548,3356,3236,3100,3063,3129,3172,3435
36.617,1374,713,633,1297,988,3124.55,3178,3289,3055,3684,3495,3705,3311,3289,3223,3104,3015,3179,3226,3322
36.667,1236,702,684,1204,1043,3118.85,3195,3223,3053,3590,3482,3739,3405,3283,3245,3076,3043,3215,3248,3422
36.717,1288,740,673,1231,1061,3160.65,3293,3239,3016,3567,3632,3621,3456,3327,3187,3086,3111,3146,3198,3342
36.768,1255,667,630,1144,1021,3078.95,3260,3092,3057,3647,3517,3595,3364,3241,3232,3065,2853,3117,3120,3271
36.818,1242,680,619,1136,922,3098.9,3129,3238,3016,3694,3512,3751,3276,3262,3220,3106,3002,3164,3270,3332
36.868,1273,722,629,1202,985,3162.55,3213,3262,3029,3654,3599,3751,3372,3329,3219,3064,3090,3066,3127,3444
36.919,1303,644,637,1220,954,3186.3,3349,3250,3052,3606,3554,3671,3404,3354,3209,3147,3034,3155,3118,3443
36.969,1266,648,578,1187,960,3028.6,3251,3123,3081,3622,3576,3753,3321,3188,3207,3070,2903,3145,3146,3192
37.019,1224,702,600,1220,1002,3064.7,3196,3088,3017,3588,3556,3624,3318,3226,3201,3093,3043,3014,3182,3393
37.07,1218,660,606,1183,1026,3116.95,3274,3183,3026,3539,3561,3722,3352,3281,3144,3160,2912,3202,3150,3397
37.12,1196,734,642,1129,897,3020.05,3182,3133,3046,3570,3519,3737,3377,3179,3114,3052,3041,3044,3182,3280
37.17,1267,755,622,1158,981,3074.2,3156,3101,3033,3592,3510,3638,3243,3236,3204,2999,3064,3153,3091,3372
37.22,1278,722,680,1201,943,3132.15,3203,3151,3025,3506,3390,3593,3248,3297,3127,3018,2895,3047,3072,3266
37.271,1238,689,620,1157,941,3025.75,3138,3193,3065,3493,3421,3609,3347,3185,3198,2976,2869,3061,3111,3312
37.321,1285,657,651,1141,924,3034.3,3191,3109,2972,3461,3561,3724,3330,3194,3201,3067,2932,3092,3146,3256
37.371,1184,611,610,1120,969,3038.1,3125,3042,3104,3556,3420,3624,3264,3198,3072,3003,3042,3076,3135,3339
37.422,1254,665,587,1185,968,3070.4,3097,3187,2992,3435,3477,3603,3264,3232,3115,3008,3053,3039,3202,3323
37.472,1234,648,576,1172,863,3089.4,3014,3168,2989,3415,3508,3610,3228,3252,3067,2997,2888,3047,3088,3236
37.522,1253,695,619,1194,1015,2994.4,3026,3053,3005,3599,3488,3486,3238,3152,3110,3035,2882,3063,3094,3272
37.573,1233,670,613,1172,922,3096.05,3111,3162,2913,3493,3540,3591,3296,3259,3176,3107,2939,2974,3219,3260
37.623,1233,624,647,1109,955,2973.5,3170,3108,2856,3518,3541,3539,3306,3130,3145,2943,2939,3057,3138,3283
37.673,1235,727,587,1159,982,3019.1,3128,3098,2970,3516,3509,3631,3405,3178,3230,3116,2937,3069,3060,3316
37.724,1222,707,631,1155,901,3006.75,3169,3218,2871,3575,3397,3576,3267,3165,3118,3055,2944,3113,3076,3324
37.774,1277,681,618,1191,900,2897.5,3072,3124,2896,3502,3433,3528,3185,3050,3260,2936,2855,3046,3040,3305
37.824,1242,660,634,1128,961,3149.25,3099,3120,2874,3521,3463,3557,3228,3315,3205,3031,2923,3147,3097,3248
37.875,1227,675,646,1119,911,3040.95,3108,3057,2886,3581,3567,3629,3285,3201,3115,2949,2910,3067,2978,3234
37.925,1234,717,579,1156,915,3030.5,3130,3095,3012,3397,3442,3564,3239,3190,3167,2979,2763,3232,3075,3267
37.975,1256,731,666,1205,910,3023.85,3051,2997,2977,3393,3504,3481,3312,3183,3201,2896,2890,3160,3046,3251
38.026,1241,769,646,1095,913,3101.75,3126,3071,2933,3461,3479,3494,3357,3265,3263,2992,2958,3059,3116,3263
38.076,1239,934,721,1125,980,2921.25,3119,2968,2893,3408,3616,3575,3250,3075,3292,2994,2909,3143,3061,3299
38.126,1271,1178,895,1159,943,2987.75,3161,2995,2945,3483,3391,3527,3243,3145,3147,2832,2850,3087,3103,3255
38.176,1281,1435,800,1133,929,3023.85,3107,3126,2964,3501,3483,3544,3241,3183,3209,2922,2993,3029,3003,3218
38.227,1270,1234,785,1151,933,2936.45,3022,3004,2931,3382,3425,3629,3265,3091,3114,2913,2891,3134,3053,3148
38.277,1226,1325,751,1215,938,3034.3,3097,2992,2826,3353,3494,3530,3204,3194,3152,2840,2819,3112,3130,3302
38.327,1195,1021,666,1127,919,2862.35,3089,3019,2998,3515,3352,3502,3319,3013,3114,2989,2814,3096,3004,3363
38.378,1153,885,646,1112,944,2916.5,3109,3104,2895,3420,3561,3636,3134,3070,2981,2970,2836,3093,3033,3246
38.428,1136,772,621,1079,976,3036.2,3172,3042,2971,3482,3483,3562,3221,3196,3129,2938,2833,2984,3107,3248
38.478,1234,649,628,1151,930,2975.4,3126,2962,2960,3368,3504,3514,3129,3132,3023,2991,2906,3129,3029,3242
38.529,1191,634,567,1140,915,3006.75,3165,3015,2948,3455,3322,3646,3203,3165,3110,2962,2865,3004,3108,3249
38.579,1212,645,594,1099,892,3009.6,2995,2978,2907,3307,3411,3694,3226,3168,3083,2865,2929,3080,3071,3232
38.629,1209,599,549,1092,935,3037.15,3027,3000,2888,3308,3471,3525,3214,3197,3057,2839,2901,2982,3038,3195
38.68,1233,629,617,1116,941,2978.25,3004,2962,2789,3328,3231,3453,3167,3135,2981,2890,2875,3059,3042,3183
38.73,1233,618,546,1074,878,3019.1,2963,3080,2889,3484,3335,3532,3093,3178,3125,2860,2842,2931,3077,3380
38.78,1172,644,529,1099,890,2959.25,3010,2999,2837,3385,3397,3473,3187,3115,3049,2888,2763,2889,3170,3283
38.831,1174,618,523,1101,880,2948.8,3061,3015,2913,3331,3274,3607,3165,3104,3136,2975,2830,3031,3209,3331
38.881,1162,623,527,1084,914,2982.05,3119,3085,2869,3339,3416,3537,3238,3139,3160,2954,2820,3021,3089,3302
38.931,1259,651,547,1172,921,2905.1,3067,2984,2955,3343,3387,3515,3171,3058,3126,2859,2742,3014,3013,3320
38.981,1164,641,584,1143,836,3023.85,3120,2894,2965,3506,3416,3481,3155,3183,3102,2926,2816,2996,3039,3253
39.032,1198,619,598,1145,854,2921.25,3048,2902,2892,3330,3374,3440,3300,3075,3153,2896,2843,2982,3029,3272
39.082,1241,637,583,1032,957,2985.85,3064,2961,2831,3397,3396,3590,3186,3143,3120,2903,2828,3035,3008,3163
39.132,1181,652,576,1108,876,3009.6,2973,2967,2866,3362,3390,3571,3202,3168,2992,2885,2712,3057,3058,3257
39.183,1205,633,563,1062,869,3015.3,3075,3007,2908,3381,3459,3450,3151,3174,3131,2897,2823,3066,3039,3300
39.233,1208,638,572,1141,942,3034.3,3050,2968,2993,3352,3415,3496,3192,3194,3083,2868,2837,2958,3064,3305
39.283,1208,637,576,1149,943,3077.05,2990,2996,2827,3429,3452,3593,3113,3239,2996,2960,2787,3077,3134,3231
39.334,1212,632,558,1210,931,2945.95,3105,2978,2962,3401,3487,3464,3173,3101,3152,2951,2887,3031,3080,3235
39.384,1244,624,576,1573,877,2966.85,3085,3044,2840,3362,3306,3475,3188,3123,3120,2872,2811,2998,2983,3314
39.434,1209,619,516,1552,880,3009.6,3017,2960,2823,3343,3385,3495,3286,3168,3054,2906,2732,3171,3009,3173
39.485,1202,623,571,1488,918,2990.6,2884,3041,2814,3448,3448,3455,3161,3148,3111,2955,2809,3103,3077,3247
39.535,1240,643,563,1379,919,2984.9,3049,2981,2878,3414,3456,3652,3202,3142,2971,2925,2818,3005,2990,3319
39.585,1147,639,544,1259,900,2816.75,3094,2949,2895,3360,3458,3528,3250,2965,3169,2921,2743,3126,3036,3251
39.636,1186,641,551,1146,901,2863.3,3030,2862,2918,3266,3407,3517,3166,3014,3101,2897,2700,3040,3110,3306
39.686,1221,687,568,1040,946,2981.1,3043,3017,2750,3336,3468,3580,3262,3138,3061,2884,2749,3011,3111,3272
39.736,1204,711,629,1092,852,2917.45,3043,2919,2841,3345,3336,3471,3154,3071,3145,2787,2744,2947,3020,3249
39.787,1206,784,591,1085,899,2983.95,2997,2989,2807,3331,3470,3518,3161,3141,3079,2875,2708,2976,3015,3305
39.837,1221,758,602,1054,856,3009.6,3059,3022,2853,3420,3451,3460,3211,3168,3071,2912,2780,3106,3111,3197
39.887,1205,757,580,1075,841,2907,3033,2945,2885,3476,3412,3417,3232,3060,3024,2903,2837,3055,3088,3286
39.937,1299,834,620,1096,935,2912.7,2936,2920,2937,3371,3487,3512,3265,3066,3090,2931,2748,3100,3088,3299
39.988,1176,800,598,1102,903,2898.45,3083,2949,2866,3380,3405,3589,3309,3051,3121,2751,2789,3083,3043,3332
