Sample_name,Variety,Replicate,Section,HPH,Morfi.Rep,fibre_n,fibre_cont,fibre_L,fibre_L.L,fibre_L3.L,fibre_A.L,fibre_W,fibre_course,fibre_kink.num,fibre_kink.ang,fibre_kink.cont,fibre_curl,MF.index,fibre_broken,fine_n,fine_cont,fine_cont.A,fine_cont.L,fine_cont.L.L,fine_A,fine_L
Sugargraze-1-Leaf-L,Sugargraze,1,Leaf,L,1,50108,34.103,249,355,488,330,17.8,0.0989,1.049,131.21,4.125,4.741,1.374,35.369,998120,654.985,51.729,75.514,68,810,38
Sugargraze-1-Leaf-L,Sugargraze,1,Leaf,L,2,50130,34.687,248,354,486,330,17.8,0.0975,1.051,132.009,4.066,4.701,1.296,35.089,998743,667.537,52.373,75.763,67.993,807,38
Sugargraze-1-Leaf-L,Sugargraze,1,Leaf,L,3,50117,35.318,248,355,486,330,17.7,0.0957,1.053,133.482,4.032,4.627,1.243,34.733,1009863,687.181,52.755,75.747,68.203,802,38
Sugargraze-1-Leaf-L,Sugargraze,1,Leaf,L,4,50130,34.891,247,352,482,325,18.1,0.098,1.047,132.439,4.082,4.889,1.387,36.345,964550,648.555,51.176,75.325,67.578,819,38
Sugargraze-1-Leaf-M,Sugargraze,1,Leaf,M,1,48776,26.325,245,358,501,328,18.4,0.1268,1.034,121.728,1.835,4.408,1.003,32.351,1097141,571.409,60.859,78.661,71.065,883,39
Sugargraze-1-Leaf-M,Sugargraze,1,Leaf,M,2,50076,26.877,244,356,499,327,18.5,0.1259,1.034,122.394,1.919,4.488,1.073,33.138,1072390,556.23,59.602,78.081,70.568,921,40
Sugargraze-1-Leaf-M,Sugargraze,1,Leaf,M,3,48608,26.368,243,354,495,324,18.5,0.1279,1.033,124.643,1.766,4.439,1.036,32.968,1064179,557.277,60.875,78.392,71.2,923,40
Sugargraze-1-Leaf-M,Sugargraze,1,Leaf,M,4,48237,26.373,243,354,493,322,18.3,0.1265,1.034,123.625,1.719,4.366,1.005,31.878,1089979,576.008,60.089,78.305,71.251,876,39
Sugargraze-1-Leaf-H,Sugargraze,1,Leaf,H,1,34394,64.687,278,368,470,357,13.8,0.0456,1.046,135.606,8.246,4.148,0.64,21.328,570488,1027.521,40.198,66.022,58.634,524,32
Sugargraze-1-Leaf-H,Sugargraze,1,Leaf,H,2,34961,64.588,278,370,473,358,13.7,0.0456,1.048,134.898,8.578,4.17,0.608,20.79,577221,1021.325,40.315,65.85,58.425,524,32
Sugargraze-1-Leaf-H,Sugargraze,1,Leaf,H,3,33449,62.573,279,371,474,359,13.7,0.0471,1.059,135.59,8.399,4.087,0.603,20.223,555675,999.591,41.088,65.962,58.453,523,32
Sugargraze-1-Leaf-H,Sugargraze,1,Leaf,H,4,34325,65.097,276,367,471,355,13.8,0.0457,1.051,136.033,8.108,4.085,0.583,21.129,550895,999.656,39.996,65.499,57.92,523,32
Sugargraze-1-Sheath-L,Sugargraze,1,Sheath,L,1,50054,36.352,263,374,515,369,17.7,0.087,1.044,113.289,2.148,4.53,1.031,28.141,524172,365.394,40.765,63.705,54.104,961,42
Sugargraze-1-Sheath-L,Sugargraze,1,Sheath,L,2,50167,36.926,264,377,523,373,17.6,0.0851,1.042,117.366,2.1,4.495,1.01,27.683,528444,373.368,41.384,63.701,54.026,959,42
Sugargraze-1-Sheath-L,Sugargraze,1,Sheath,L,3,50172,36.171,263,376,520,371,17.8,0.0876,1.042,115.769,2.213,4.527,1.048,27.678,526202,363.582,41.195,63.422,54.082,963,42
Sugargraze-1-Sheath-L,Sugargraze,1,Sheath,L,4,50023,36.856,260,368,503,362,17.5,0.0861,1.044,117.198,1.939,4.429,0.998,27.48,537228,379.63,42.41,64.199,55.071,956,42
Sugargraze-1-Sheath-M,Sugargraze,1,Sheath,M,1,50092,39.156,271,377,503,379,16.6,0.08,1.05,130.702,4.323,4.247,0.973,25.935,547518,411.017,37.079,61.418,52.607,785,38
Sugargraze-1-Sheath-M,Sugargraze,1,Sheath,M,2,50030,40.454,273,381,511,382,16.7,0.0769,1.051,129.896,4.383,4.303,1.043,26.629,541459,419.708,37.195,61.317,52.21,793,38
Sugargraze-1-Sheath-M,Sugargraze,1,Sheath,M,3,50047,40.089,273,379,509,381,16.7,0.0783,1.049,129.729,4.428,4.33,1.043,26.086,536763,412.422,36.512,60.81,52.113,792,38
Sugargraze-1-Sheath-M,Sugargraze,1,Sheath,M,4,50047,41.137,273,380,511,382,16.8,0.0759,1.059,129.907,4.412,4.372,1.046,26.775,536077,423.782,37.001,61.207,51.981,794,38
Sugargraze-1-Sheath-H,Sugargraze,1,Sheath,H,1,50163,52.245,268,362,476,363,15.6,0.0605,1.07,133.138,8.485,4.857,1.225,27.143,518878,520.053,29.826,58.381,50.107,647,35
Sugargraze-1-Sheath-H,Sugargraze,1,Sheath,H,2,50009,51.752,268,362,474,363,15.6,0.061,1.067,132.281,8.407,4.821,1.216,26.878,523341,519.594,30.305,59.283,50.229,637,35
Sugargraze-1-Sheath-H,Sugargraze,1,Sheath,H,3,50076,52.284,269,362,474,362,15.6,0.0604,1.059,132.675,8.433,4.861,1.191,26.945,521456,524.018,29.388,58.282,50.174,645,35
Sugargraze-1-Sheath-H,Sugargraze,1,Sheath,H,4,50044,51.237,268,360,473,362,15.6,0.0617,1.061,133.058,8.19,4.842,1.232,26.901,527086,520.409,30.526,59.086,50.543,641,35
Sugargraze-1-Stem(<1m)-L,Sugargraze,1,Stem(<1m),L,1,50117,30.375,242,345,503,366,23.1,0.1191,1.037,111.202,2.464,5.665,1.356,36.881,274253,158.855,19.194,49.96,39.624,882,42
Sugargraze-1-Stem(<1m)-L,Sugargraze,1,Stem(<1m),L,2,50130,30.211,242,343,497,362,23.2,0.1196,1.044,110.519,2.582,5.778,1.352,37.385,275472,159.434,19.77,50.105,39.76,877,41
Sugargraze-1-Stem(<1m)-L,Sugargraze,1,Stem(<1m),L,3,50158,29.974,241,339,483,357,23.4,0.121,1.05,109.689,2.414,5.788,1.422,37.512,271895,155.808,19.405,49.858,39.824,883,42
Sugargraze-1-Stem(<1m)-L,Sugargraze,1,Stem(<1m),L,4,50061,31.762,242,343,494,363,23.3,0.1139,1.044,108.967,2.485,5.767,1.353,37.168,272167,165.691,19.394,50.008,39.64,882,42
Sugargraze-1-Stem(<1m)-M,Sugargraze,1,Stem(<1m),M,1,50047,35.683,249,349,492,355,21.3,0.0993,1.056,122.701,3.141,5.418,1.695,38.366,310269,212.46,20.811,51.224,41.12,802,40
Sugargraze-1-Stem(<1m)-M,Sugargraze,1,Stem(<1m),M,2,50094,35.278,249,350,496,356,21.4,0.1009,1.051,122.49,3.138,5.515,1.766,38.6,304981,205.543,20.521,51.076,40.917,818,40
Sugargraze-1-Stem(<1m)-M,Sugargraze,1,Stem(<1m),M,3,50028,36.166,249,350,495,356,21.5,0.0983,1.05,122.417,3.333,5.521,1.763,39.281,303852,210.505,21.012,51.227,40.881,820,40
Sugargraze-1-Stem(<1m)-M,Sugargraze,1,Stem(<1m),M,4,50014,35.538,249,350,491,357,21.2,0.0998,1.039,121.05,3.113,5.397,1.725,37.99,311276,211.989,21.217,51.547,41.331,812,40
Sugargraze-1-Stem(<1m)-H,Sugargraze,1,Stem(<1m),H,1,50077,46.204,247,339,467,351,18.8,0.076,1.097,128.987,6.111,5.464,1.895,35.71,612055,544.695,28.061,64.317,56.028,632,35
Sugargraze-1-Stem(<1m)-H,Sugargraze,1,Stem(<1m),H,2,50010,45.335,245,336,459,348,18.9,0.0778,1.076,129.179,5.785,5.426,1.954,35.926,613662,535.943,27.561,64.163,56.398,636,36
Sugargraze-1-Stem(<1m)-H,Sugargraze,1,Stem(<1m),H,3,50096,42.829,246,336,459,348,19,0.0821,1.085,128.364,5.874,5.483,1.945,36.053,619155,510.715,27.563,64.37,56.534,634,35
Sugargraze-1-Stem(<1m)-H,Sugargraze,1,Stem(<1m),H,4,50019,44.929,246,338,461,352,18.9,0.0782,1.096,129.825,6.016,5.412,1.933,35.763,616647,534.692,27.999,64.313,56.332,634,35
Sugargraze-3-Stem(>1m)-L,Sugargraze,3,Stem(>1m),L,1,50156,44.788,238,326,455,328,18.2,0.0775,1.042,114.348,2.268,4.435,1.332,29.356,337492,290.289,29.009,55.936,45.129,811,40
Sugargraze-3-Stem(>1m)-L,Sugargraze,3,Stem(>1m),L,2,50081,44.877,238,323,446,325,18.3,0.0771,1.039,114.689,2.234,4.44,1.287,29.192,337887,292.537,28.671,56.179,45.34,806,40
Sugargraze-3-Stem(>1m)-L,Sugargraze,3,Stem(>1m),L,3,50077,43.416,238,324,446,326,18.3,0.0799,1.038,116.089,2.309,4.471,1.35,29.475,341166,285.26,28.296,56.151,45.621,810,40
Sugargraze-3-Stem(>1m)-L,Sugargraze,3,Stem(>1m),L,4,50131,43.695,238,324,449,327,18.1,0.0795,1.044,116.266,2.327,4.451,1.298,29.078,344160,289.44,28.829,56.077,45.537,797,40
Sugargraze-3-Stem(>1m)-M,Sugargraze,3,Stem(>1m),M,1,50161,50.856,242,326,443,326,17,0.0676,1.054,126.779,3.22,4.282,1.341,27.801,324587,316.562,26.849,53.832,43.493,757,39
Sugargraze-3-Stem(>1m)-M,Sugargraze,3,Stem(>1m),M,2,50171,48.35,242,326,442,327,17.3,0.0712,1.042,123.428,3.507,4.452,1.438,28.408,320816,297.827,26.265,53.745,43.209,759,39
Sugargraze-3-Stem(>1m)-M,Sugargraze,3,Stem(>1m),M,3,50099,52.082,241,324,438,323,17,0.0657,1.057,123.967,3.262,4.346,1.355,27.955,327950,328.158,26.603,54.169,43.782,745,39
Sugargraze-3-Stem(>1m)-M,Sugargraze,3,Stem(>1m),M,4,50044,47.627,243,327,440,327,17.1,0.0719,1.047,124.358,3.298,4.386,1.417,27.399,324959,297.787,26.266,53.308,43.462,750,39
Sugargraze-3-Stem(>1m)-H,Sugargraze,3,Stem(>1m),H,1,50197,60.452,242,323,432,325,16.2,0.0565,1.064,130.74,5.785,4.679,1.428,28.995,395389,458.677,26.555,56.684,47.283,680,37
Sugargraze-3-Stem(>1m)-H,Sugargraze,3,Stem(>1m),H,2,50071,58.619,242,319,423,323,16.1,0.0584,1.06,129.678,5.754,4.657,1.389,28.616,400410,450.01,27.746,57.158,47.917,681,37
Sugargraze-3-Stem(>1m)-H,Sugargraze,3,Stem(>1m),H,3,50099,58.743,242,319,418,321,16.1,0.0582,1.065,130.939,5.761,4.662,1.422,29.049,400828,453.454,26.944,57.117,47.994,678,37
Sugargraze-3-Stem(>1m)-H,Sugargraze,3,Stem(>1m),H,4,50117,59.426,241,322,437,328,15.9,0.0574,1.062,129.738,5.485,4.557,1.367,28.356,403308,461.251,27.169,57.408,47.704,673,37
Yemen-2-Leaf-L,Yemen,2,Leaf,L,1,50120,32.595,249,371,530,345,18,0.0999,1.048,123.406,2.26,4.491,0.932,29.574,954824,595.911,53.088,74.259,65.972,814,38
Yemen-2-Leaf-L,Yemen,2,Leaf,L,2,50061,32.619,250,372,532,349,17.9,0.0992,1.048,122.795,2.305,4.511,0.94,29.357,961180,601.706,52.35,74.159,66.062,812,38
Yemen-2-Leaf-L,Yemen,2,Leaf,L,3,50008,33.026,249,373,537,348,18,0.0986,1.034,123.957,2.317,4.539,0.977,29.234,962988,612.166,52.624,74.389,66.073,808,38
Yemen-2-Leaf-L,Yemen,2,Leaf,L,4,50054,32.195,248,369,527,344,18,0.1018,1.039,122.381,2.307,4.461,0.977,29.249,955364,591.747,53.185,74.426,66.078,805,38
Yemen-2-Leaf-M,Yemen,2,Leaf,M,1,45210,43.008,260,378,522,360,15.9,0.0731,1.069,133.703,5.773,4.268,0.745,26.039,853252,780.697,49.811,72.516,64.35,712,36
Yemen-2-Leaf-M,Yemen,2,Leaf,M,2,44944,41.203,260,379,525,364,15.9,0.0763,1.065,133.712,5.929,4.254,0.743,25.896,852690,751.729,50.166,72.598,64.412,715,36
Yemen-2-Leaf-M,Yemen,2,Leaf,M,3,46195,41.685,260,379,525,362,15.8,0.0754,1.082,133.921,5.857,4.244,0.764,25.857,875768,759.456,50.455,72.507,64.345,712,36
Yemen-2-Leaf-M,Yemen,2,Leaf,M,4,44224,41.766,260,379,525,362,15.9,0.0757,1.068,133.385,5.917,4.265,0.764,26.088,840756,764.987,49.956,72.543,64.355,707,36
Yemen-2-Leaf-H,Yemen,2,Leaf,H,1,26287,72.015,287,386,500,380,13,0.0394,1.091,134.335,12.72,4.607,0.447,18.467,251320,652.449,30.005,55.001,44.766,558,33
Yemen-2-Leaf-H,Yemen,2,Leaf,H,2,29066,69.62,286,386,501,381,13.1,0.041,1.087,134.062,12.781,4.712,0.481,18.453,276071,629.921,29.256,54.713,44.656,556,33
Yemen-2-Leaf-H,Yemen,2,Leaf,H,3,27491,70.886,287,386,500,381,13.1,0.0402,1.083,133.935,12.273,4.65,0.478,18.266,261294,641.522,29.668,54.56,44.498,554,33
Yemen-2-Leaf-H,Yemen,2,Leaf,H,4,26623,70.972,287,386,498,379,13.1,0.0402,1.09,134.214,12.778,4.626,0.493,18.931,253652,641.065,29.616,54.682,44.59,553,33
Yemen-1-Sheath-L,Yemen,1,Sheath,L,1,50056,33.503,264,394,569,391,18.6,0.0943,1.035,112.441,1.967,5.019,1.056,29.249,623501,400.223,42.297,66.463,56.659,941,42
Yemen-1-Sheath-L,Yemen,1,Sheath,L,2,50122,33.338,266,401,579,398,18.5,0.0938,1.05,111.772,1.945,5.045,1.097,29.33,622889,397.624,42.071,66.116,56.155,936,41
Yemen-1-Sheath-L,Yemen,1,Sheath,L,3,50107,34.258,266,401,579,399,18.8,0.0923,1.052,113.431,1.925,5.05,1.1,29.725,597796,393.827,41.732,65.589,55.228,948,42
Yemen-1-Sheath-L,Yemen,1,Sheath,L,4,50110,33.945,266,398,573,397,18.5,0.0922,1.034,111.894,1.979,5.03,1.097,29.38,618803,402.772,41.675,66.23,56.171,932,41
Yemen-1-Sheath-M,Yemen,1,Sheath,M,1,50115,35.803,278,405,566,405,17.9,0.0863,1.056,127.98,3.926,4.592,1.138,28.6,547658,375.434,36.748,61.292,51.018,814,39
Yemen-1-Sheath-M,Yemen,1,Sheath,M,2,50023,36.498,279,407,567,406,17.7,0.0841,1.053,129.18,3.915,4.545,1.135,28.436,552611,386.709,37.082,61.593,51.206,814,39
Yemen-1-Sheath-M,Yemen,1,Sheath,M,3,50100,35.988,278,404,560,399,18.1,0.0863,1.056,128.052,4.025,4.776,1.287,29.817,526836,362.606,34.514,60.33,50.291,824,39
Yemen-1-Sheath-M,Yemen,1,Sheath,M,4,50157,35.424,279,406,566,404,18.1,0.0869,1.039,127.599,3.899,4.786,1.281,30.024,537823,364.306,35.225,60.988,50.631,823,39
Yemen-1-Sheath-H,Yemen,1,Sheath,H,1,50150,45.936,268,374,506,376,16.7,0.0701,1.076,132.697,7.634,4.979,1.223,28.992,544557,479.89,32.151,60.13,51.009,689,36
Yemen-1-Sheath-H,Yemen,1,Sheath,H,2,50119,48.03,269,375,507,379,16.8,0.067,1.085,133.063,7.888,4.978,1.226,29.564,538737,497.591,31.25,59.643,50.751,689,36
Yemen-1-Sheath-H,Yemen,1,Sheath,H,3,50015,45.676,269,374,505,378,16.8,0.0704,1.075,133.26,7.67,4.965,1.283,28.763,548654,482.106,31.759,60.035,51.219,685,36
Yemen-1-Sheath-H,Yemen,1,Sheath,H,4,50030,46.614,268,374,507,376,16.6,0.0691,1.075,132.789,7.798,4.949,1.238,29.267,551085,493.612,32,60.239,51.28,683,36
Yemen-3-Stem(<1m)-L,Yemen,3,Stem(<1m),L,1,50088,27.613,243,342,490,347,25.1,0.1335,1.054,108.62,2.676,6.676,1.406,40.327,271965,143.774,22.889,50.118,39.991,941,42
Yemen-3-Stem(<1m)-L,Yemen,3,Stem(<1m),L,2,50035,26.634,244,344,493,347,25.1,0.1379,1.045,106.965,2.903,6.69,1.423,40.358,267393,136.895,22.258,49.254,39.438,940,42
Yemen-3-Stem(<1m)-L,Yemen,3,Stem(<1m),L,3,50063,26.845,243,340,482,344,25.2,0.1375,1.038,108.028,2.934,6.745,1.432,40.808,263002,135.452,21.9,49.114,39.335,946,42
Yemen-3-Stem(<1m)-L,Yemen,3,Stem(<1m),L,4,50015,28.204,244,343,488,348,25.1,0.1305,1.043,111.79,2.737,6.673,1.429,40.715,268132,144.847,22.126,49.3,39.489,931,42
Yemen-3-Stem(<1m)-M,Yemen,3,Stem(<1m),M,1,50213,30.531,240,332,465,336,23.2,0.1223,1.058,124.709,4.082,6.25,1.985,42.271,375109,219.8,23.592,55.903,46.638,798,39
Yemen-3-Stem(<1m)-M,Yemen,3,Stem(<1m),M,2,50148,31.637,241,335,473,340,23.1,0.1174,1.061,126.978,4.259,6.15,1.937,42.119,376162,228.915,23.816,55.92,46.531,800,39
Yemen-3-Stem(<1m)-M,Yemen,3,Stem(<1m),M,3,50153,31.52,240,332,464,337,23.1,0.1181,1.057,125.353,4.063,6.202,1.919,41.38,379827,229.244,24.068,55.894,46.989,803,39
Yemen-3-Stem(<1m)-M,Yemen,3,Stem(<1m),M,4,50016,32.018,241,336,480,341,22.9,0.116,1.058,126.288,4.173,6.083,1.794,40.782,391253,241.062,24.814,56.535,47.406,789,39
Yemen-3-Stem(<1m)-H,Yemen,3,Stem(<1m),H,1,35251,41.651,236,321,437,333,19.5,0.0876,1.078,131.047,5.76,5.403,1.844,36.625,580016,662.797,35.709,70.393,63.42,597,34
Yemen-3-Stem(<1m)-H,Yemen,3,Stem(<1m),H,2,33704,40.194,235,317,429,330,19.3,0.0912,1.076,131.665,5.851,5.383,1.798,36.166,559269,644.13,35.516,70.484,63.907,593,34
Yemen-3-Stem(<1m)-H,Yemen,3,Stem(<1m),H,3,33934,42.415,236,320,435,330,19.3,0.0861,1.074,130.831,5.638,5.369,1.849,35.973,567948,685.695,35.687,70.556,63.884,591,34
Yemen-3-Stem(<1m)-H,Yemen,3,Stem(<1m),H,4,35571,41.425,238,324,444,336,19.4,0.0875,1.063,130.991,5.732,5.426,1.869,35.706,593494,669.842,35.341,70.336,63.526,592,34
Yemen-2-Stem(>1m)-L,Yemen,2,Stem(>1m),L,1,50149,38.02,243,340,486,349,20.8,0.09,1.04,109.13,2.39,5.17,1.3,33.03,284611,207.46,23.3,51.04,40.55,856,41
Yemen-2-Stem(>1m)-L,Yemen,2,Stem(>1m),L,2,50161,39.03,244,343,491,354,20.8,0.09,1.05,108.83,2.44,5.11,1.31,32.02,287187,214.81,23.36,51.13,40.44,853,41
Yemen-2-Stem(>1m)-L,Yemen,2,Stem(>1m),L,3,50204,37.43,246,346,491,352,20.8,0.09,1.04,109.1,2.47,5.13,1.27,32.12,290433,208.46,23.07,50.86,40.49,850,41
Yemen-2-Stem(>1m)-L,Yemen,2,Stem(>1m),L,4,50099,38.41,245,346,497,353,20.8,0.09,1.04,106.12,2.34,5.15,1.26,32.4,290042,213.57,23.11,51.29,40.58,853,41
Yemen-2-Stem(>1m)-M,Yemen,2,Stem(>1m),M,1,50250,43.61,245,339,475,344,19.2,0.08,1.06,124.37,3.96,4.98,1.44,32.5,313048,261.14,24.18,51.95,42.08,805,40
Yemen-2-Stem(>1m)-M,Yemen,2,Stem(>1m),M,2,50080,42.58,245,343,489,349,19.2,0.08,1.06,126.49,3.83,4.91,1.43,33.17,317095,259.5,24.4,52.24,42.26,802,40
Yemen-2-Stem(>1m)-M,Yemen,2,Stem(>1m),M,3,50048,43.21,245,341,481,348,19.1,0.08,1.05,124.81,3.7,4.9,1.5,32.83,314691,261.79,24.66,52.27,42.11,798,40
Yemen-2-Stem(>1m)-M,Yemen,2,Stem(>1m),M,4,50069,42.09,245,341,478,347,19.2,0.08,1.06,124.09,3.87,4.95,1.46,32.91,318537,257.47,24.86,52.31,42.28,796,39
Yemen-2-Stem(>1m)-H,Yemen,2,Stem(>1m),H,1,50033,53.15,237,321,438,327,17.3,0.07,1.06,130.09,5.86,4.92,1.55,33.15,541564,557.24,30.9,62.59,54.81,662,36
Yemen-2-Stem(>1m)-H,Yemen,2,Stem(>1m),H,2,50129,53.39,237,322,441,328,17.3,0.07,1.07,131.55,5.55,4.89,1.56,33.44,546014,561.6,31.39,63.02,54.87,664,36
Yemen-2-Stem(>1m)-H,Yemen,2,Stem(>1m),H,3,50124,55.24,238,320,434,327,17.4,0.07,1.07,131.26,5.76,4.89,1.57,33.45,545864,581.46,31.07,63.08,55,664,36
Yemen-2-Stem(>1m)-H,Yemen,2,Stem(>1m),H,4,50118,55.1,236,319,433,325,17.2,0.07,1.07,130.63,5.62,4.79,1.52,32.8,551207,586.29,31.75,63.4,55.31,663,36
GreenleafBMR-1-Leaf-L,GreenleafBMR,1,Leaf,L,1,50202,47.71,227,320,450,303,16.3,0.07,1.06,118.79,2.1,4.06,1.11,26.74,671113,617.97,48.71,71.09,62.72,853,40
GreenleafBMR-1-Leaf-L,GreenleafBMR,1,Leaf,L,2,50153,49.08,229,325,462,309,16.2,0.07,1.04,120.06,2.11,4.04,1.17,26.77,676126,639.72,48.19,71.1,62.4,845,40
GreenleafBMR-1-Leaf-L,GreenleafBMR,1,Leaf,L,3,50132,48.87,228,321,450,305,16.2,0.07,1.05,119.94,2.03,4.01,1.17,26.96,678148,639.22,47.24,71.15,62.57,833,40
GreenleafBMR-1-Leaf-L,GreenleafBMR,1,Leaf,L,4,50055,49.52,228,321,454,307,16.1,0.07,1.05,119.7,2.02,3.98,1.15,26.48,681346,650.64,47.81,71.13,62.77,836,40
GreenleafBMR-1-Leaf-M,GreenleafBMR,1,Leaf,M,1,50129,54.51,239,329,447,318,14.6,0.06,1.04,130.64,3.31,3.51,0.9,23.31,746229,783.66,49.52,71.4,63.09,742,38
GreenleafBMR-1-Leaf-M,GreenleafBMR,1,Leaf,M,2,50128,54.51,239,331,454,321,15,0.06,1.04,128.57,3.36,3.75,1.09,24.76,722232,758.6,47.38,70.73,62.4,756,38
GreenleafBMR-1-Leaf-M,GreenleafBMR,1,Leaf,M,3,50211,54.34,238,329,449,317,15.1,0.06,1.05,129.05,3.48,3.86,1.15,26.17,706366,738.52,45.48,70.26,61.95,756,38
GreenleafBMR-1-Leaf-M,GreenleafBMR,1,Leaf,M,4,50069,55.57,240,330,448,322,14.7,0.06,1.05,131.61,3.19,3.53,0.9,23.27,733705,788.33,48.31,70.85,62.66,740,38
GreenleafBMR-1-Leaf-H,GreenleafBMR,1,Leaf,H,1,35711,91.14,247,319,410,312,12.5,0.03,1.04,134.69,5.59,3.29,0.48,16.33,329441,810.45,33.95,58.87,49.05,563,34
GreenleafBMR-1-Leaf-H,GreenleafBMR,1,Leaf,H,2,34346,85.17,249,325,423,318,12.5,0.04,1.05,134.15,5.82,3.32,0.47,15.96,316571,755.51,34.04,58.46,48.67,564,34
GreenleafBMR-1-Leaf-H,GreenleafBMR,1,Leaf,H,3,36475,84.97,249,325,421,317,12.5,0.04,1.04,135.14,6.01,3.33,0.5,15.91,338813,758.32,34.14,58.41,48.88,566,34
GreenleafBMR-1-Leaf-H,GreenleafBMR,1,Leaf,H,4,36475,84.97,249,325,421,317,12.5,0.04,1.04,135.14,6.01,3.33,0.5,15.91,338813,758.32,34.14,58.41,48.88,566,34
GreenleafBMR-2-Sheath-L,GreenleafBMR,2,Sheath,L,1,50178,53.912,262,358,481,355,15.3,0.0558,1.028,114.971,2.17,3.591,0.882,20.256,406637,420.339,35.709,58.458,47.586,815,40
GreenleafBMR-2-Sheath-L,GreenleafBMR,2,Sheath,L,2,50184,54.849,263,361,486,359,15.4,0.0548,1.043,115.418,2.172,3.63,0.965,20.325,403691,424.553,34.927,58.069,47.227,818,40
GreenleafBMR-2-Sheath-L,GreenleafBMR,2,Sheath,L,3,50054,54.08,264,360,483,356,15.4,0.0552,1.041,113.375,2.167,3.731,0.945,20.65,404694,419.341,34.77,58.182,47.436,819,40
GreenleafBMR-2-Sheath-L,GreenleafBMR,2,Sheath,L,4,50188,50.224,263,359,482,354,15.3,0.0599,1.027,111.16,2.175,3.631,0.875,20.213,409413,394.097,35.797,58.392,47.798,828,40
GreenleafBMR-2-Sheath-M,GreenleafBMR,2,Sheath,M,1,50076,61.927,266,357,470,359,14.4,0.0481,1.054,122.723,3.146,3.466,0.822,18.29,397569,469.863,31.752,55.842,45.355,695,37
GreenleafBMR-2-Sheath-M,GreenleafBMR,2,Sheath,M,2,50028,59.878,265,358,478,362,14.4,0.0498,1.039,124.188,3.16,3.475,0.844,18.424,402084,460.649,31.795,56.123,45.598,698,37
GreenleafBMR-2-Sheath-M,GreenleafBMR,2,Sheath,M,3,50008,61.354,265,356,471,357,14.5,0.0487,1.035,122.986,3.33,3.563,0.863,18.465,404620,476.569,31.417,56.089,45.911,696,37
GreenleafBMR-2-Sheath-M,GreenleafBMR,2,Sheath,M,4,50135,60.794,265,355,468,357,14.4,0.0493,1.047,122.72,3.181,3.475,0.813,17.793,404274,469.496,32.568,56.214,45.932,698,37
GreenleafBMR-2-Sheath-H,GreenleafBMR,2,Sheath,H,1,50122,84.732,254,328,419,328,13.2,0.0363,1.061,130.846,6.797,3.97,0.751,17.834,287635,465.081,24.796,50.302,38.632,624,36
GreenleafBMR-2-Sheath-H,GreenleafBMR,2,Sheath,H,2,50058,85.057,254,327,416,325,13,0.0362,1.059,131.505,6.977,3.916,0.734,17.717,287196,465.995,24.916,49.821,38.71,621,36
GreenleafBMR-2-Sheath-H,GreenleafBMR,2,Sheath,H,3,50145,82.587,255,328,420,328,13.2,0.0372,1.059,131.051,6.917,3.958,0.747,18.446,288923,455.266,24.671,49.965,38.786,625,36
GreenleafBMR-2-Sheath-H,GreenleafBMR,2,Sheath,H,4,50030,83.975,254,326,416,324,13.1,0.0365,1.048,131.68,6.856,3.904,0.698,17.64,291518,468.062,25.448,50.635,39.13,624,36
GreenleafBMR-1-Stem-L,GreenleafBMR,1,Stem,L,1,50167,45.861,275,393,555,388,18,0.066,1.049,113.981,2.872,4.294,0.898,23.98,192252,168.299,19.164,41.922,28.791,841,41
GreenleafBMR-1-Stem-L,GreenleafBMR,1,Stem,L,2,50195,45.675,273,391,558,387,17.8,0.0667,1.052,114.743,2.654,4.238,0.856,23.476,197545,171.997,19.907,42.392,29.373,833,41
GreenleafBMR-1-Stem-L,GreenleafBMR,1,Stem,L,3,50027,45.938,274,392,555,390,17.9,0.066,1.054,115.79,2.893,4.281,0.908,23.475,194251,170.511,19.673,42.093,29.017,835,41
GreenleafBMR-1-Stem-L,GreenleafBMR,1,Stem,L,4,50004,47.521,273,391,552,387,17.8,0.0642,1.048,115.704,2.707,4.17,0.85,23.321,194066,176.394,19.681,41.882,29.113,842,41
GreenleafBMR-1-Stem-M,GreenleafBMR,1,Stem,M,1,50031,46.464,270,382,537,385,17.9,0.068,1.066,126.234,4.808,4.719,1.205,26.946,210574,187.217,17.827,42.265,30.574,794,40
GreenleafBMR-1-Stem-M,GreenleafBMR,1,Stem,M,2,50113,48.03,268,379,531,380,17.7,0.066,1.077,127.899,4.622,4.625,1.165,26.256,213423,195.874,18.244,42.955,30.991,790,40
GreenleafBMR-1-Stem-M,GreenleafBMR,1,Stem,M,3,50100,48.082,269,381,535,382,17.8,0.0661,1.071,126.589,4.629,4.583,1.101,26.522,209999,192.868,17.88,42.457,30.477,790,40
GreenleafBMR-1-Stem-M,GreenleafBMR,1,Stem,M,4,50114,47.587,270,382,533,384,17.8,0.0661,1.066,126.381,4.827,4.687,1.149,26.811,211633,192.018,17.535,42.378,30.566,786,40
GreenleafBMR-1-Stem-H,GreenleafBMR,1,Stem,H,1,50109,63.547,259,356,488,368,15.9,0.0505,1.092,129.899,7.122,4.751,1.308,25.17,298228,363.949,20.078,49.198,38.272,676,37
GreenleafBMR-1-Stem-H,GreenleafBMR,1,Stem,H,2,50137,63.612,258,357,490,369,15.8,0.0505,1.091,130.394,7.142,4.729,1.247,25.428,298105,364.484,20.565,49.533,38.279,680,37
GreenleafBMR-1-Stem-H,GreenleafBMR,1,Stem,H,3,50114,62.692,258,353,481,364,15.9,0.0513,1.095,129.955,7.286,4.797,1.273,25.479,298174,359.123,20.144,49.499,38.474,676,37
GreenleafBMR-1-Stem-H,GreenleafBMR,1,Stem,H,4,50130,63.954,256,352,481,361,15.8,0.0506,1.087,129.728,7.055,4.753,1.27,25.449,299909,368.21,20.759,49.454,38.718,676,37
Graingrass-2-Leaf-L,Graingrass,2,Leaf,L,1,50075,39.32,224,335,502,302,18.4,0.0913,1.05,118.251,1.814,4.739,1.402,34.486,676021,514.488,49.419,72.552,62.009,910,41
Graingrass-2-Leaf-L,Graingrass,2,Leaf,L,2,50031,39.231,222,329,490,298,18.8,0.092,1.046,116.527,2.015,4.852,1.5,35.702,652855,494.894,48.197,72.304,61.703,917,41
Graingrass-2-Leaf-L,Graingrass,2,Leaf,L,3,50108,39.08,224,334,497,300,18.5,0.0915,1.045,118.048,1.885,4.756,1.456,34.45,677158,511.632,48.488,72.67,62.141,912,41
Graingrass-2-Leaf-L,Graingrass,2,Leaf,L,4,50110,38.263,224,333,496,299,18.5,0.0933,1.054,119.25,1.876,4.764,1.418,35.224,680221,503.495,49.122,72.837,62.266,907,41
Graingrass-2-Leaf-M,Graingrass,2,Leaf,M,1,50033,47.164,242,351,496,328,16.2,0.0702,1.046,129.377,3.226,4.285,1.404,30.867,777562,708.163,47.927,72.789,62.642,760,38
Graingrass-2-Leaf-M,Graingrass,2,Leaf,M,2,50029,48.125,242,351,495,327,16.1,0.0681,1.062,129.834,3.273,4.238,1.354,30.659,790509,735.355,48.56,73.08,63.024,759,38
Graingrass-2-Leaf-M,Graingrass,2,Leaf,M,3,50125,46.776,241,349,490,326,16.1,0.0709,1.042,128.577,3.279,4.184,1.307,30.338,792949,714.836,49.192,73.219,63.139,757,38
Graingrass-2-Leaf-M,Graingrass,2,Leaf,M,4,50029,46.889,241,349,493,325,16.1,0.0705,1.048,129.856,3.314,4.266,1.389,30.688,784472,712.727,48.203,73.001,62.931,756,38
Graingrass-2-Leaf-H,Graingrass,2,Leaf,H,1,28867,77.857,261,344,444,331,12.4,0.0374,1.048,135.868,5.905,3.239,0.487,16.482,385433,996.368,39.357,63.71,55.026,511,32
Graingrass-2-Leaf-H,Graingrass,2,Leaf,H,2,29604,79.885,261,345,443,332,12.3,0.0363,1.049,135.164,5.98,3.291,0.492,16.245,398384,1030.254,39.038,63.864,55.228,511,32
Graingrass-2-Leaf-H,Graingrass,2,Leaf,H,3,29283,82,262,345,445,332,12.3,0.0352,1.041,133.728,5.743,3.3,0.477,15.979,386560,1041.03,39.404,63.772,54.775,512,32
Graingrass-2-Leaf-H,Graingrass,2,Leaf,H,4,28771,79.235,262,345,444,332,12.3,0.0366,1.046,135.038,6.15,3.301,0.48,15.881,376970,999.252,38.972,63.387,54.645,514,32
Graingrass-3-Sheath-L,Graingrass,3,Sheath,L,1,50151,59.759,243,326,439,315,15.1,0.0535,1.039,113.735,2.189,3.639,1.06,21.461,361328,414.114,35.342,58.285,47.938,884,42
Graingrass-3-Sheath-L,Graingrass,3,Sheath,L,2,50081,61.099,246,330,441,319,14.8,0.0513,1.022,114.724,2.293,3.458,0.968,19.842,381682,448.146,35.957,58.498,48.39,833,41
Graingrass-3-Sheath-L,Graingrass,3,Sheath,L,3,50227,59.641,244,327,438,315,15.1,0.0537,1.034,114.351,2.236,3.681,1.037,21.947,342506,390.967,34.478,56.729,47.142,932,43
Graingrass-3-Sheath-L,Graingrass,3,Sheath,L,4,50023,62.045,246,327,432,318,14.8,0.051,1.023,113.54,2.167,3.427,0.991,19.378,375584,448.342,35.576,58.707,48.147,833,40
Graingrass-3-Sheath-M,Graingrass,3,Sheath,M,1,50168,64.314,247,326,428,316,14.4,0.0493,1.041,123.461,3.324,3.592,0.983,19.675,341020,421.631,31.793,55.869,45.059,776,39
Graingrass-3-Sheath-M,Graingrass,3,Sheath,M,2,50200,64.504,245,325,430,314,14.6,0.0494,1.039,122.402,3.335,3.637,1.058,20.433,337144,417.707,31.846,55.988,44.995,790,40
Graingrass-3-Sheath-M,Graingrass,3,Sheath,M,3,50052,64.123,247,326,431,317,14.6,0.0498,1.056,122.683,3.305,3.683,1.087,20.461,338107,416.502,32.019,56.038,45.258,800,40
Graingrass-3-Sheath-M,Graingrass,3,Sheath,M,4,50122,64.088,247,325,429,317,14.5,0.0498,1.037,124.014,3.314,3.653,1.035,19.876,340814,418.471,31.961,55.735,45.076,777,39
Graingrass-3-Sheath-H,Graingrass,3,Sheath,H,1,50093,82.771,242,311,401,304,13.1,0.0382,1.055,130.235,5.498,3.715,0.889,17.75,296327,470.127,27.625,52.853,41.594,677,37
Graingrass-3-Sheath-H,Graingrass,3,Sheath,H,2,50174,82.465,242,310,399,302,13.1,0.0384,1.05,130.572,5.512,3.69,0.898,18.212,299913,473.658,28.404,53.29,41.844,672,37
Graingrass-3-Sheath-H,Graingrass,3,Sheath,H,3,50025,82.912,243,313,403,306,13.1,0.038,1.057,131.021,5.517,3.711,0.903,17.699,297535,476.027,28.135,53.034,41.494,674,37
Graingrass-3-Sheath-H,Graingrass,3,Sheath,H,4,50115,83.475,243,314,405,305,13.1,0.0378,1.05,129.95,5.522,3.727,0.906,17.574,294410,472.275,27.834,52.387,41.259,679,37
Graingrass-3-Stem-L,Graingrass,3,Stem,L,1,50092,61.282,250,345,478,349,16.1,0.051,1.027,109.67,2.349,3.826,1.093,21.006,218859,257.159,22.154,48.08,34.89,849,42
Graingrass-3-Stem-L,Graingrass,3,Stem,L,2,50159,61.952,250,346,478,349,16,0.0505,1.04,108.327,2.417,3.824,1.084,20.426,221384,262.219,0.6,2.246,35.072,839,42
Graingrass-3-Stem-L,Graingrass,3,Stem,L,3,50248,61.37,251,350,490,353,16,0.0505,1.05,108.199,2.321,3.761,1.106,21.013,222134,261.181,22.012,48.391,34.854,842,42
Graingrass-3-Stem-L,Graingrass,3,Stem,L,4,50133,60.44,251,348,487,352,16,0.0514,1.032,108.679,2.318,3.808,1.107,20.943,223777,259.159,22.893,48.976,35.16,838,42
Graingrass-3-Stem-M,Graingrass,3,Stem,M,1,50006,67.283,253,349,482,351,15,0.046,1.051,121.573,3.277,3.736,1.084,20.587,226327,293.286,21.789,47.844,34.588,781,41
Graingrass-3-Stem-M,Graingrass,3,Stem,M,2,50113,67.903,255,352,487,352,15,0.0453,1.048,121.249,3.397,3.841,1.118,20.755,224093,291.781,21.393,47.573,34.115,780,41
Graingrass-3-Stem-M,Graingrass,3,Stem,M,3,50166,66.558,255,351,483,352,15.1,0.0465,1.049,119.923,3.556,3.913,1.187,21.172,221852,282.924,0.695,4.131,33.941,781,41
Graingrass-3-Stem-M,Graingrass,3,Stem,M,4,50025,65.619,256,354,492,356,15.1,0.047,1.06,121.827,3.282,3.864,1.179,20.94,221008,278.414,20.877,47.273,33.678,780,41
Graingrass-3-Stem-H,Graingrass,3,Stem,H,1,50207,80.915,246,329,441,331,13.9,0.0391,1.063,129.202,5.806,4.03,1.11,20.162,287528,446.711,24.174,51.797,39.854,694,38
Graingrass-3-Stem-H,Graingrass,3,Stem,H,2,50114,77.928,248,333,446,335,14,0.0403,1.061,128.378,6.144,4.235,1.173,20.817,289792,433.855,23.46,52.248,39.835,693,38
Graingrass-3-Stem-H,Graingrass,3,Stem,H,3,50057,78.471,246,330,445,331,13.9,0.0402,1.066,129.559,5.87,4.122,1.146,20.629,290190,437.422,23.927,52.579,40.106,690,38
Graingrass-3-Stem-H,Graingrass,3,Stem,H,4,50071,80.165,247,332,447,334,13.8,0.0392,1.064,128.934,5.939,4.04,1.1,20.092,290418,448.488,24.484,52.046,39.888,690,38
