Biomass,Section,Level,Nanopaper,Strip,weight,thickness,density,porosity,grammage,strain_star,UTS_star,E_star,toughness_star,TI_star
Banana,Leaf,L,1,1,0.2189,0.1264,0.769690577,47.28146735,97.28888889,1.61,42.21,4.03,0.42,54.84021928
Banana,Leaf,L,1,2,0.2177,0.1323,0.731334509,49.90859527,96.75555556,1.13,32.59,3.51,,44.56237138
Banana,Leaf,L,1,3,0.2177,0.1277,0.757678587,48.10420637,96.75555556,1.45,39.76,3.81,0.34,52.47607717
Banana,Leaf,L,1,4,0.2169,0.1306,0.7381317,49.44303426,96.4,1.46,40.66,3.99,0.36,55.08502075
Banana,Leaf,L,1,5,0.2177,0.133,0.72748538,50.17223424,96.75555556,1.45,39.86,3.78,0.35,54.7914791
Banana,Leaf,L,1,6,0.2172,0.1306,0.739152629,49.37310761,96.53333333,1.63,41.48,3.66,0.41,56.11831492
Banana,Leaf,L,1,7,0.214,0.1313,0.72438013,50.38492258,95.11111111,1.4,37.84,3.81,0.32,52.23776636
Banana,Leaf,L,1,8,0.2142,0.1287,0.73970474,49.3352918,95.2,1.57,40.31,3.66,0.39,54.49471639
Banana,Leaf,L,2,1,0.2262,0.1302,0.772145417,47.11332758,100.5333333,1.28,35.78,3.46,0.25,46.33842175
Banana,Leaf,L,2,2,0.2192,0.1288,0.756383713,48.19289638,97.42222222,1.63,40.51,3.88,0.41,53.55747263
Banana,Leaf,L,2,3,0.2183,0.1296,0.748628258,48.72409193,97.02222222,1.37,35.86,3.49,0.29,47.90094366
Banana,Leaf,L,2,4,0.2278,0.1284,0.788508134,45.99259354,101.2444444,1.36,36.87,3.66,0.29,46.75918788
Banana,Leaf,L,2,5,0.2286,0.1338,0.759342302,47.99025329,101.6,1.56,37.08,4.1,0.33,48.83173228
Banana,Leaf,L,2,6,0.2271,0.1278,0.789775691,45.90577458,100.9333333,1.45,39.47,4.09,0.34,49.97621532
Banana,Leaf,L,2,7,0.2221,0.1281,0.770578541,47.22064787,98.71111111,1.29,36.47,3.7,0.27,47.32807632
Banana,Leaf,L,2,8,0.2216,0.1286,0.765854501,47.54421223,98.48888889,1.75,41.4,3.54,0.45,54.05726534
Banana,Leaf,M,1,1,0.2133,0.1108,0.855595668,41.397557,94.8,1.38,49.78,4.73,,58.18168776
Banana,Leaf,M,1,2,0.216,0.1132,0.848056537,41.91393581,96,2.08,60.03,4.63,0.78,70.785375
Banana,Leaf,M,1,3,0.2161,0.1104,0.869967794,40.4131648,96.04444444,1.81,57.7,4.57,0.63,66.32429431
Banana,Leaf,M,1,4,0.2185,0.112,0.867063492,40.61208958,97.11111111,2.23,64.31,5.15,0.91,74.16988558
Banana,Leaf,M,1,5,0.2151,0.1097,0.871467639,40.31043568,95.6,1.84,58.8,4.66,0.65,67.47238494
Banana,Leaf,M,1,6,0.2131,0.11,0.861010101,41.02670541,94.71111111,2.02,60.02,4.67,0.73,69.70882215
Banana,Leaf,M,1,7,0.216,0.1152,0.833333333,42.92237443,96,1.58,51.78,4.31,,62.136
Banana,Leaf,M,1,8,0.2124,0.111,0.85045045,41.74996915,94.4,2.33,62.63,4.45,0.93,73.64332627
Banana,Leaf,M,2,1,0.2113,0.1071,0.876854445,39.94147634,93.91111111,1.96,59.05,4.47,0.71,67.34298982
Banana,Leaf,M,2,2,0.2109,0.1129,0.830233245,43.13470926,93.73333333,1.96,56.19,4.31,0.68,67.67977596
Banana,Leaf,M,2,3,0.2104,0.1096,0.853203569,41.56139942,93.51111111,1.82,56.12,4.51,0.62,65.77562738
Banana,Leaf,M,2,4,0.2132,0.1069,0.886394346,39.28805851,94.75555556,2.31,68.87,4.82,1,77.69679526
Banana,Leaf,M,2,5,0.2192,0.1131,0.861381275,41.00128252,97.42222222,2.09,61.84,4.76,0.81,71.79166971
Banana,Leaf,M,2,6,0.2158,0.1103,0.869547698,40.44193848,95.91111111,2.08,60.16,4.48,0.77,69.18539388
Banana,Leaf,M,2,7,0.2147,0.1109,0.860434826,41.0661078,95.42222222,1.88,57.72,4.83,0.67,67.08236143
Banana,Leaf,M,2,8,0.212,0.1121,0.840519378,42.43017962,94.22222222,1.95,55.95,4.3,0.67,66.56598467
Banana,Leaf,H,1,1,0.2271,0.1012,0.997364954,31.68733193,100.9333333,1.79,67.03,5.28,,67.20709379
Banana,Leaf,H,1,2,0.2285,0.1025,0.990785908,32.13795152,101.5555556,1.92,68.71,5.28,0.81,69.34898796
Banana,Leaf,H,1,3,0.23,0.1049,0.974473043,33.25527102,102.2222222,1.58,62.23,5.83,,63.86015543
Banana,Leaf,H,1,4,0.2329,0.1059,0.977442031,33.05191567,103.5111111,2.08,72.5,5.43,0.93,74.17319665
Banana,Leaf,H,1,5,0.2355,0.108,0.969135802,33.62083545,104.6666667,2.21,73.38,5.2,0.98,75.71694268
Banana,Leaf,H,1,6,0.2371,0.1038,1.015200171,30.46574169,105.3777778,2.62,80.92,5.31,1.36,79.70841839
Banana,Leaf,H,1,7,0.2347,0.1053,0.990608842,32.15007928,104.3111111,2.03,73.45,5.22,0.91,74.14631977
Banana,Leaf,H,1,8,0.2383,0.1054,1.004849252,31.1747088,105.9111111,2.73,81.34,5.32,1.43,80.94746538
Banana,Leaf,H,2,1,0.2359,0.1044,1.004257131,31.21526502,104.8444444,2.94,96.3,5.48,1.76,95.89177618
Banana,Leaf,H,2,2,0.2389,0.104,1.020940171,30.07259103,106.1777778,3,98.75,5.57,1.83,96.72457095
Banana,Leaf,H,2,3,0.236,0.1032,1.016365202,30.38594504,104.8888889,1.97,81.37,5.79,0.96,80.05980508
Banana,Leaf,H,2,4,0.2374,0.105,1.004867725,31.1734435,105.5111111,1.92,79.63,5.81,0.9,79.24426074
Banana,Leaf,H,2,5,0.2376,0.1023,1.032258065,29.29739284,105.6,2.6,92.82,5.84,1.51,89.919375
Banana,Leaf,H,2,6,0.238,0.1039,1.018072933,30.26897717,105.7777778,2.06,81.75,5.56,0.99,80.29876576
Banana,Leaf,H,2,7,0.2422,0.1069,1.006963933,31.0298676,107.6444444,2.41,87.09,5.97,1.31,86.48770541
Banana,Leaf,H,2,8,0.237,0.1024,1.028645833,29.54480594,105.3333333,2.7,95.95,6.38,1.64,93.27797468
Banana,Stem,L,1,1,0.1918,0.104,0.81965812,43.8590329,85.24444444,2.24,86.05,5.47,1.13,104.9827946
Banana,Stem,L,1,2,0.1952,0.0999,0.86842398,40.51890551,86.75555556,,64.77,5.77,,74.58338499
Banana,Stem,L,1,3,0.1972,0.1012,0.866051823,40.68138202,87.64444444,1.45,66.15,5.71,,76.38111055
Banana,Stem,L,1,4,0.1982,0.1024,0.860243056,41.07924277,88.08888889,1.89,81.82,5.68,0.89,95.11265388
Banana,Stem,L,1,5,0.1983,0.1045,0.84338118,42.23416574,88.13333333,2.39,89.8,5.84,1.29,106.4761725
Banana,Stem,L,1,6,0.1962,0.0995,0.87638191,39.97384181,87.2,1.89,80.02,5.73,0.89,91.30722477
Banana,Stem,L,1,7,0.1999,0.1049,0.84694418,41.99012468,88.84444444,1.45,67.77,6.37,,80.01707979
Banana,Stem,L,1,8,0.1968,0.1007,0.868586561,40.50776981,87.46666667,1.93,80.27,5.78,0.89,92.41450838
Banana,Stem,L,2,1,0.1963,0.1008,0.865520282,40.71778889,87.24444444,2.27,87.45,6.45,1.14,101.0374936
Banana,Stem,L,2,2,0.1928,0.0994,0.862061256,40.95470846,85.68888889,2.72,95.6,6.58,1.49,110.8969917
Banana,Stem,L,2,3,0.1972,0.1006,0.871217142,40.32759304,87.64444444,2.36,91.74,6.05,1.28,105.3009584
Banana,Stem,L,2,4,0.1934,0.097,0.886139748,39.30549671,85.95555556,1.71,79.37,6.83,0.79,89.56826525
Banana,Stem,L,2,5,0.1959,0.1029,0.846128928,42.04596385,87.06666667,1.75,76.63,6.24,0.8,90.56539433
Banana,Stem,L,2,6,0.196,0.1041,0.83680222,42.68477945,87.11111111,2.19,84.04,6.31,1.13,100.4299439
Banana,Stem,L,2,7,0.1977,0.1042,0.84325016,42.24313973,87.86666667,2.59,92.9,6.34,1.48,110.1689681
Banana,Stem,L,2,8,0.1975,0.1007,0.871676045,40.29616127,87.77777778,1.86,80.24,6.28,0.89,92.05254684
Banana,Stem,M,1,1,0.229,0.1203,0.846033065,42.05252976,101.7777778,2.26,79.66,5.91,1.11,94.15707642
Banana,Stem,M,1,2,0.2284,0.1177,0.862456339,40.92764801,101.5111111,2.29,81.67,5.56,1.15,94.69464864
Banana,Stem,M,1,3,0.2286,0.1153,0.881179532,39.64523756,101.6,2.33,83.44,5.51,1.19,94.69125984
Banana,Stem,M,1,4,0.2279,0.1152,0.879243827,39.77782006,101.2888889,2.69,90.94,5.38,1.5,103.429785
Banana,Stem,M,1,5,0.2304,0.1182,0.866328257,40.66244814,102.4,1.68,70.61,5.45,,81.50490234
Banana,Stem,M,1,6,0.2263,0.1132,0.88849627,39.14409109,100.5777778,2.26,83.89,5.55,1.15,94.41795404
Banana,Stem,M,1,7,0.2294,0.1147,0.888888889,39.11719939,101.9555556,2.03,78.04,5.56,0.94,87.795
Banana,Stem,M,1,8,0.2312,0.1164,0.882779687,39.53563788,102.7555556,2.1,77.06,5.63,0.98,87.2924481
Banana,Stem,M,2,1,0.2226,0.113,0.875516224,40.03313533,98.93333333,2.53,87.41,5.46,1.34,99.83824124
Banana,Stem,M,2,2,0.2229,0.1157,0.856237396,41.35360304,99.06666667,2.7,89.82,5.61,1.51,104.9008143
Banana,Stem,M,2,3,0.2258,0.1144,0.877233877,39.91548786,100.3555556,2.27,83.7,5.64,1.16,95.41355182
Banana,Stem,M,2,4,0.2272,0.1217,0.829727015,43.1693825,100.9777778,2.67,88.29,6,1.48,106.4084914
Banana,Stem,M,2,5,0.2271,0.1222,0.825968358,43.4268248,100.9333333,2.64,84.78,5.25,1.39,102.6431572
Banana,Stem,M,2,6,0.2279,0.1277,0.793178456,45.67270846,101.2888889,2.58,80.9,4.93,1.28,101.9947016
Banana,Stem,M,2,7,0.2299,0.1187,0.860806889,41.04062401,102.1777778,2.7,88.7,5.66,1.45,103.0428556
Banana,Stem,M,2,8,0.2278,0.1161,0.872045172,40.27087864,101.2444444,2.73,90.79,5.76,1.55,104.1115792
Banana,Stem,H,1,1,0.2323,0.0983,1.050299537,28.06167558,103.2444444,2.46,92.73,6.15,1.43,88.28909923
Banana,Stem,H,1,2,0.2225,0.0986,1.002929908,31.30617071,98.88888889,2.8,100.41,6.07,1.78,100.1166674
Banana,Stem,H,1,3,0.2217,0.0932,1.057224607,27.58735571,98.53333333,1.65,82.71,6.61,,78.23313938
Banana,Stem,H,1,4,0.2212,0.0922,1.066281032,26.96705263,98.31111111,1.7,86.3,6.68,,80.93551085
Banana,Stem,H,1,5,0.22,0.0941,1.039083717,28.82988239,97.77777778,2.13,94.57,6.97,1.24,91.01287841
Banana,Stem,H,2,1,0.2239,0.0979,1.016456702,30.37967796,99.51111111,2.35,92.34,6.8,1.35,90.84499107
Banana,Stem,H,2,2,0.2218,0.0988,0.997750787,31.66090498,98.57777778,3.01,102.51,6.37,1.97,102.7410866
Banana,Stem,H,2,3,0.2239,0.1005,0.99016031,32.18080071,99.51111111,2.52,95.79,6.16,1.49,96.74191045
Banana,Stem,H,2,4,0.2248,0.0989,1.01022357,30.80660477,99.91111111,2.38,88.78,6.09,1.27,87.88153692
Sugarcane,Bagasse,L,1,1,0.2776,0.166,0.743239625,49.09317636,123.3777778,2.55,35.49,2.88,0.6,47.75041427
Sugarcane,Bagasse,L,1,2,0.2795,0.17,0.730718954,49.95075656,124.2222222,2.83,34.51,2.9,0.66,47.22745975
Sugarcane,Bagasse,L,1,3,0.2815,0.1677,0.746041211,48.90128691,125.1111111,2.89,34.53,2.77,0.68,46.28430639
Sugarcane,Bagasse,L,1,4,0.2811,0.1661,0.752157335,48.48237432,124.9333333,3,34.9,2.63,0.71,46.3998666
Sugarcane,Bagasse,L,1,5,0.2808,0.1735,0.719308357,50.73230429,124.8,3.12,33.73,2.5,0.71,46.89226763
Sugarcane,Bagasse,L,1,6,0.2851,0.1763,0.718724397,50.77230161,126.7111111,3.15,34.69,2.98,0.75,48.26606717
Sugarcane,Bagasse,L,1,7,0.2893,0.1706,0.753679823,48.37809433,128.5777778,2.8,34.62,3.26,0.66,45.93462496
Sugarcane,Bagasse,L,1,8,0.2884,0.1731,0.740483985,49.28191885,128.1777778,2.55,33.75,2.65,0.57,45.57829837
Sugarcane,Bagasse,L,2,1,0.2777,0.171,0.721767381,50.56387799,123.4222222,2.24,31.98,2.86,0.48,44.30790421
Sugarcane,Bagasse,L,2,2,0.2788,0.173,0.716249197,50.94183581,123.9111111,2.68,35.34,2.99,0.64,49.34036944
Sugarcane,Bagasse,L,2,3,0.2689,0.1656,0.721685454,50.56948948,119.5111111,2.62,34.22,2.88,0.61,47.41677947
Sugarcane,Bagasse,L,2,4,0.2816,0.1689,0.741003881,49.2463095,125.1555556,2.38,34.31,2.84,0.53,46.30205167
Sugarcane,Bagasse,L,2,5,0.2806,0.1661,0.750819453,48.57401008,124.7111111,2.57,36.73,3.15,0.63,48.91988329
Sugarcane,Bagasse,L,2,6,0.2813,0.1693,0.738465577,49.42016594,125.0222222,2.44,35.94,2.91,0.57,48.66848383
Sugarcane,Bagasse,L,2,7,0.2846,0.1715,0.737544542,49.48325057,126.4888889,2.58,36.28,3.08,0.61,49.19024947
Sugarcane,Bagasse,L,2,8,0.2838,0.1689,0.746792974,48.84979629,126.1333333,2.55,35.52,2.97,0.59,47.56338266
Sugarcane,Bagasse,M,1,1,0.2679,0.1313,0.906829144,37.88841476,119.0666667,3.12,61.63,4.42,1.27,67.96208567
Sugarcane,Bagasse,M,1,2,0.2674,0.1335,0.890220558,39.0259892,118.8444444,3.37,62.66,4.23,1.41,70.38705123
Sugarcane,Bagasse,M,1,3,0.2686,0.1337,0.892877919,38.84397815,119.3777778,3.45,63.31,4.18,1.47,70.90555007
Sugarcane,Bagasse,M,1,4,0.2675,0.1316,0.90341101,38.12253358,118.8888889,3.97,67.7,4.41,1.83,74.93820561
Sugarcane,Bagasse,M,1,5,0.2674,0.1353,0.878377269,39.83717338,118.8444444,3.66,61.35,4.31,1.51,69.84470363
Sugarcane,Bagasse,M,1,6,0.2662,0.1296,0.912894376,37.47298795,118.3111111,3.97,67.1,4.81,1.82,73.50247934
Sugarcane,Bagasse,M,1,7,0.2665,0.1369,0.865189514,40.74044426,118.4444444,3.26,60.31,4.22,1.31,69.70727111
Sugarcane,Bagasse,M,1,8,0.262,0.132,0.882154882,39.57843273,116.4444444,3.94,64.87,4.17,1.74,73.53583969
Sugarcane,Bagasse,M,2,1,0.2712,0.1381,0.87279749,40.21935002,120.5333333,2.91,50.9,4.04,0.99,58.31822456
Sugarcane,Bagasse,M,2,2,0.2724,0.1349,0.897454905,38.53048597,121.0666667,3.65,55.42,3.54,1.36,61.75240639
Sugarcane,Bagasse,M,2,3,0.2729,0.1353,0.896444116,38.59971809,121.2888889,4.49,59.03,3.54,1.78,65.84905735
Sugarcane,Bagasse,M,2,4,0.2734,0.1361,0.892807576,38.84879616,121.5111111,,42.87,3.96,,48.01706565
Sugarcane,Bagasse,M,2,5,0.2747,0.1372,0.889860706,39.05063656,122.0888889,4.32,58.72,3.53,1.71,65.98785584
Sugarcane,Bagasse,M,2,6,0.2731,0.1413,0.859007628,41.16386112,121.3777778,3.8,53.72,3.59,1.37,62.53727938
Sugarcane,Bagasse,M,2,7,0.2706,0.1352,0.889546351,39.07216773,120.2666667,3.85,56.27,3.85,1.45,63.25696231
Sugarcane,Bagasse,M,2,8,0.2707,0.1403,0.85752752,41.26523833,120.3111111,3.78,55.07,3.92,1.42,64.2195133
Sugarcane,Bagasse,H,1,1,0.2551,0.1145,0.990198933,32.1781553,113.3777778,4.5,85.46,4.95,2.56,86.30588985
Sugarcane,Bagasse,H,1,2,0.2563,0.1116,1.020708881,30.08843281,113.9111111,4.24,87.39,5.46,2.49,85.6169684
Sugarcane,Bagasse,H,1,3,0.2573,0.1124,1.017398181,30.31519308,114.3555556,,62.04,5.7,,60.97907501
Sugarcane,Bagasse,H,1,4,0.2587,0.1117,1.029344474,29.49695382,114.9777778,4.14,88.75,5.55,2.48,86.21992172
Sugarcane,Bagasse,H,1,5,0.2563,0.1112,1.024380496,29.83695236,113.9111111,4.5,92.62,5.47,2.8,90.41562232
Sugarcane,Bagasse,H,1,6,0.2575,0.1111,1.03010301,29.44499929,114.4444444,2.63,71.85,5.88,,69.75030583
Sugarcane,Bagasse,H,1,7,0.2559,0.1115,1.020029895,30.13493867,113.7333333,2.49,68.57,5.68,,67.22351993
Sugarcane,Bagasse,H,1,8,0.2559,0.1126,1.010065127,30.81745703,113.7333333,,58.4,5.34,,57.81805393
Sugarcane,Bagasse,H,2,1,0.2531,0.1101,1.021697447,30.02072282,112.4888889,4.68,88.99,5.32,2.8,87.10014915
Sugarcane,Bagasse,H,2,2,0.2546,0.111,1.019419419,30.17675209,113.1555556,2.87,73.67,5.43,1.37,72.26662412
Sugarcane,Bagasse,H,2,3,0.2526,0.1108,1.013237064,30.60020111,112.2666667,4.74,91.16,5.24,2.91,89.96907363
Sugarcane,Bagasse,H,2,4,0.2539,0.1113,1.01387641,30.55641027,112.8444444,4.07,86.52,5.43,2.37,85.33584482
Sugarcane,Bagasse,H,2,5,0.2539,0.1111,1.01570157,30.4313993,112.8444444,,67.37,5.69,,66.32853781
Sugarcane,Bagasse,H,2,6,0.2528,0.1116,1.006770211,31.04313623,112.3555556,2.87,72.27,5.56,1.35,71.78400712
Sugarcane,Bagasse,H,2,7,0.2554,0.1112,1.020783373,30.0833306,113.5111111,4.62,89.8,5.25,2.78,87.97165231
Sugarcane,Bagasse,H,2,8,0.2549,0.1114,1.016955915,30.3454853,113.2888889,2.98,73.37,5.26,1.43,72.14668694
Sugarcane,Mulch,L,1,1,0.2173,0.1274,0.758067329,48.07758017,96.57777778,2.53,40.07,2.81,0.63,52.8581017
Sugarcane,Mulch,L,1,2,0.2183,0.1303,0.744606464,48.99955728,97.02222222,2.82,42.67,3.17,0.79,57.30543862
Sugarcane,Mulch,L,1,3,0.2231,0.1267,0.78260107,46.39718699,99.15555556,2.87,41.28,3.52,0.86,52.74718064
Sugarcane,Mulch,L,1,4,0.2229,0.1301,0.761465539,47.84482607,99.06666667,2.63,40.71,3.46,0.71,53.46269515
Sugarcane,Mulch,L,1,5,0.2274,0.1281,0.788966953,45.96116761,101.0666667,2.71,41.89,3.69,0.78,53.09474604
Sugarcane,Mulch,L,1,6,0.2273,0.1286,0.785553828,46.19494332,101.0222222,2.94,43.99,3.41,0.86,55.99870875
Sugarcane,Mulch,L,1,7,0.2234,0.1303,0.762002217,47.80806732,99.28888889,2.82,42.23,3.3,0.8,55.41978626
Sugarcane,Mulch,L,1,8,0.2221,0.1271,0.776641315,46.8053894,98.71111111,2.5,39.8,3.59,0.65,51.24630797
Sugarcane,Mulch,L,2,1,0.2261,0.1283,0.78323374,46.3538534,100.4888889,3.08,41.14,3.32,0.84,52.52582707
Sugarcane,Mulch,L,2,2,0.2248,0.1262,0.791688678,45.77474811,99.91111111,3.33,43.09,3.29,0.97,54.42796041
Sugarcane,Mulch,L,2,3,0.2273,0.1301,0.776496712,46.8152937,101.0222222,2.88,39.83,3.11,0.77,51.29448636
Sugarcane,Mulch,L,2,4,0.2226,0.1312,0.754065041,48.35170954,98.93333333,3.37,42.46,3.39,0.97,56.30814016
Sugarcane,Mulch,L,2,5,0.2253,0.129,0.77622739,46.8337404,100.1333333,2.52,35.17,3.24,0.59,45.30888815
Sugarcane,Mulch,L,2,6,0.2246,0.1264,0.789732771,45.90871433,99.82222222,2.83,40.69,3.15,0.76,51.52375779
Sugarcane,Mulch,L,2,7,0.2246,0.1289,0.774415999,46.95780831,99.82222222,2.75,39.86,3.46,0.72,51.47104408
Sugarcane,Mulch,L,2,8,0.2267,0.1287,0.78287145,46.37866784,100.7555556,2.4,37.79,3.52,0.6,48.27101566
Sugarcane,Mulch,M,1,1,0.2202,0.1089,0.898683808,38.44631454,97.86666667,2.91,56.76,3.82,2.48,63.1590327
Sugarcane,Mulch,M,1,2,0.217,0.1059,0.910712412,37.62243753,96.44444444,2.66,58.77,4.82,,64.53189747
Sugarcane,Mulch,M,1,3,0.2182,0.1076,0.901280463,38.26846146,96.97777778,3.39,62.72,4.41,1.43,69.58988084
Sugarcane,Mulch,M,1,4,0.2211,0.1107,0.887684432,39.19969641,98.26666667,2.62,55.17,4.76,,62.15046472
Sugarcane,Mulch,M,1,5,0.2203,0.1099,0.890910929,38.97870348,97.91111111,3.48,61.32,4.87,1.45,68.82842941
Sugarcane,Mulch,M,1,6,0.2211,0.1077,0.912411018,37.50609464,98.26666667,3.83,64.2,4.86,1.64,70.36302578
Sugarcane,Mulch,M,1,7,0.2118,0.1085,0.867588326,40.57614208,94.13333333,3.16,57.43,4.1,1.22,66.19498938
Sugarcane,Mulch,M,1,8,0.2151,0.1087,0.879484821,39.76131366,95.6,3.6,60.32,4.32,1.44,68.58560669
Sugarcane,Mulch,M,2,1,0.2248,0.1063,0.939897565,35.62345448,99.91111111,3.85,67.12,4.42,1.73,60.95345085
Sugarcane,Mulch,M,2,2,0.2223,0.1062,0.930320151,36.27944174,98.8,4.45,70.48,4.29,2.12,62.15064777
Sugarcane,Mulch,M,2,3,0.2206,0.1049,0.934646754,35.98309907,98.04444444,4.74,72.83,4.28,2.33,66.52780825
Sugarcane,Mulch,M,2,4,0.2226,0.1035,0.955877617,34.52893036,98.93333333,3.4,62.35,4.5,1.43,62.86369609
Sugarcane,Mulch,M,2,5,0.2205,0.1037,0.945033751,35.27166088,98,4.25,68.86,4.3,1.97,58.15665306
Sugarcane,Mulch,M,2,6,0.2198,0.1031,0.947515896,35.10165095,97.68888889,4.2,69.33,4.15,1.96,66.60574272
Sugarcane,Mulch,M,2,7,0.2218,0.1025,0.961734417,34.12777963,98.57777778,,49.93,4.47,,58.33211226
Sugarcane,Mulch,M,2,8,0.2199,0.1043,0.937040588,35.8191378,97.73333333,4.45,69.08,4.3,2.06,65.58947476
Sugarcane,Mulch,H,1,1,0.2102,0.099,0.94365881,35.36583491,93.42222222,2.87,63.18,4.37,,66.95216461
Sugarcane,Mulch,H,1,2,0.2195,0.1022,0.954555338,34.61949739,97.55555556,4.83,81.46,4.48,2.62,85.33816401
Sugarcane,Mulch,H,1,3,0.2164,0.1019,0.943844728,35.35310083,96.17777778,3.99,73.92,4.48,1.98,78.31796673
Sugarcane,Mulch,H,1,4,0.2122,0.0989,0.953600719,34.68488226,94.31111111,4.41,77.27,4.44,2.26,81.02972078
Sugarcane,Mulch,H,1,5,0.2226,0.1049,0.943120432,35.40271013,98.93333333,4.62,78.69,4,2.38,83.43579178
Sugarcane,Mulch,H,1,6,0.2208,0.0991,0.990245543,32.17496279,98.13333333,4.64,83.14,4.19,2.58,83.95897418
Sugarcane,Mulch,H,1,7,0.2178,0.1014,0.954635108,34.61403367,96.8,4.33,79.59,4.66,2.32,83.37216942
Sugarcane,Mulch,H,1,8,0.2118,0.0986,0.954699121,34.60964924,94.13333333,,58.79,4.31,,61.57961048
Sugarcane,Mulch,H,2,1,0.2224,0.1102,0.896955031,38.56472389,98.84444444,3.62,57.29,3.94,1.4,63.87165243
Sugarcane,Mulch,H,2,2,0.2233,0.1093,0.908000407,37.80819133,99.24444444,3.91,57.82,4.01,1.53,63.67838558
Sugarcane,Mulch,H,2,3,0.2247,0.1115,0.895665172,38.65307042,99.86666667,4.49,62.18,4.29,1.87,69.42326435
Sugarcane,Mulch,H,2,4,0.2231,0.1112,0.891686651,38.92557187,99.15555556,4.45,60.09,4.33,1.81,67.38914388
Sugarcane,Mulch,H,2,5,0.2227,0.111,0.891691692,38.9252266,98.97777778,3.45,54.96,3.87,1.27,61.63565335
Sugarcane,Mulch,H,2,6,0.2218,0.1095,0.900253678,38.33878916,98.57777778,4.57,63.11,4.07,1.98,70.1024628
Sugarcane,Mulch,H,2,7,0.2249,0.1152,0.867669753,40.57056486,99.95555556,3.91,56.1,3.95,1.48,64.65593597
Sugarcane,Mulch,H,2,8,0.2225,0.1104,0.895732689,38.64844594,98.88888889,4.29,61.46,3.9,1.8,68.61422022
Spinifex,Leaf,L,1,1,0.2447,0.1617,0.672576101,53.93314376,108.7555556,2.28,23.76,2.22,0.36,35.32685738
Spinifex,Leaf,L,1,2,0.245,0.1623,0.670911207,54.04717761,108.8888889,2.05,23.93,2.73,0.32,35.66790918
Spinifex,Leaf,L,1,3,0.2448,0.1625,0.669538462,54.14120126,108.8,1.82,22.65,2.47,0.27,33.8292739
Spinifex,Leaf,L,1,4,0.2449,0.1597,0.681555695,53.3181031,108.8444444,2.04,23.71,2.48,0.32,34.78805941
Spinifex,Leaf,L,1,5,0.2458,0.1615,0.676436189,53.66875421,109.2444444,1.99,23.25,2.36,0.31,34.37131306
Spinifex,Leaf,L,1,6,0.2439,0.1606,0.674968867,53.7692557,108.4,2.12,24.89,2.59,0.36,36.87577491
Spinifex,Leaf,L,1,7,0.2462,0.1598,0.68474482,53.09966987,109.4222222,2.01,23.72,2.76,0.32,34.64064175
Spinifex,Leaf,L,1,8,0.2469,0.1591,0.689712969,52.7593857,109.7333333,2.29,26.62,2.64,0.4,38.59576549
Spinifex,Leaf,L,2,1,0.2352,0.1515,0.689988999,52.74047953,104.5333333,2.24,25.72,2.53,0.38,37.27595663
Spinifex,Leaf,L,2,2,0.2379,0.1518,0.696530523,52.29242996,105.7333333,1.9,24.66,2.67,0.31,35.40404792
Spinifex,Leaf,L,2,3,0.2432,0.1546,0.699151933,52.11288128,108.0888889,2.12,26.23,2.67,0.37,37.51688117
Spinifex,Leaf,L,2,4,0.2464,0.157,0.697523001,52.22445201,109.5111111,1.95,25.26,2.43,0.32,36.21385958
Spinifex,Leaf,L,2,5,0.2499,0.1561,0.711509716,51.26645781,111.0666667,1.7,24.18,2.71,0.26,33.98407563
Spinifex,Leaf,L,2,6,0.2508,0.1574,0.708174502,51.4948971,111.4666667,2.05,27.04,2.67,0.36,38.18267943
Spinifex,Leaf,L,2,7,0.2501,0.1584,0.701739618,51.93564257,111.1555556,1.95,26.01,2.72,0.33,37.06502999
Spinifex,Leaf,L,2,8,0.2496,0.1581,0.701665612,51.94071147,110.9333333,2.27,27.79,2.65,0.42,39.60576022
Spinifex,Leaf,M,1,1,0.2396,0.1368,0.77842755,46.6830445,106.4888889,2.41,37.32,3.41,0.6,47.94280467
Spinifex,Leaf,M,1,2,0.2377,0.1368,0.772254711,47.10584172,105.6444444,2.4,37.26,3.46,0.59,48.24832983
Spinifex,Leaf,M,1,3,0.2415,0.1374,0.781174187,46.49491868,107.3333333,2.66,40.14,3.76,0.72,51.38418634
Spinifex,Leaf,M,1,4,0.2396,0.1343,0.792918011,45.69054719,106.4888889,2.68,40.82,3.41,0.72,51.48073247
Spinifex,Leaf,M,1,5,0.2419,0.1352,0.795200526,45.53421055,107.5111111,2.86,41.62,3.68,0.8,52.33899959
Spinifex,Leaf,M,1,6,0.2385,0.1345,0.788104089,46.02026786,106,2.4,38.31,3.55,0.61,48.61033019
Spinifex,Leaf,M,1,7,0.2337,0.1322,0.785678265,46.18642019,103.8666667,2.38,37.86,3.71,0.6,48.18766367
Spinifex,Leaf,M,1,8,0.2397,0.1361,0.782757776,46.38645369,106.5333333,2.83,40.61,3.43,0.77,51.88067272
Spinifex,Leaf,M,2,1,0.2435,0.1433,0.755214391,48.27298692,108.2222222,2.53,36.28,3.42,0.61,48.03933881
Spinifex,Leaf,M,2,2,0.2446,0.1403,0.774847549,46.92825008,108.7111111,2.98,42.18,3.48,0.84,54.43651472
Spinifex,Leaf,M,2,3,0.2472,0.14,0.784761905,46.24918461,109.8666667,2.24,37.64,3.6,0.55,47.96359223
Spinifex,Leaf,M,2,4,0.2459,0.1388,0.787383926,46.06959413,109.2888889,2.82,42.5,3.36,0.78,53.97620984
Spinifex,Leaf,M,2,5,0.2468,0.1419,0.773001331,47.05470335,109.6888889,2.63,39.67,3.36,0.69,51.31944591
Spinifex,Leaf,M,2,6,0.2452,0.1388,0.785142491,46.22311704,108.9777778,2.72,40.83,3.01,0.72,52.00329935
Spinifex,Leaf,M,2,7,0.2437,0.1408,0.769255051,47.31129791,108.3111111,2.77,40.55,3.39,0.75,52.71333607
Spinifex,Leaf,M,2,8,0.2423,0.1384,0.778098908,46.70555424,107.6888889,3.03,42.58,3.3,0.87,54.7231201
Spinifex,Leaf,H,1,1,0.2118,0.1019,0.923781485,36.72729554,94.13333333,5.16,76.35,4.67,2.65,82.64941572
Spinifex,Leaf,H,1,2,0.2102,0.1017,0.918605922,37.08178619,93.42222222,3.8,68.18,5.09,1.75,74.22116318
Spinifex,Leaf,H,1,3,0.2122,0.1059,0.890567621,39.00221771,94.31111111,4.54,72.13,4.56,2.2,80.99328817
Spinifex,Leaf,H,1,4,0.2128,0.1045,0.905050505,38.01023938,94.57777778,4.85,76.4,4.97,2.5,84.41517857
Spinifex,Leaf,H,1,5,0.2124,0.1055,0.89478673,38.71323768,94.4,4.74,75.62,5.02,2.44,84.51175847
Spinifex,Leaf,H,1,6,0.2143,0.1015,0.938368911,35.7281568,95.24444444,4.6,77.65,4.92,2.41,82.74997084
Spinifex,Leaf,H,1,7,0.2108,0.1042,0.899125613,38.41605389,93.68888889,3.65,65.99,4.48,1.61,73.39352704
Spinifex,Leaf,H,1,8,0.2109,0.1026,0.913580247,37.42601049,93.73333333,3.94,69.56,4.73,1.84,76.14
Spinifex,Leaf,H,2,1,0.2146,0.1056,0.903198653,38.13707855,95.37777778,4.62,70.73,4.29,2.17,78.3105685
Spinifex,Leaf,H,2,2,0.2133,0.1035,0.915942029,37.26424459,94.8,4.85,78.38,4.64,2.56,85.57310127
Spinifex,Leaf,H,2,3,0.2134,0.1046,0.906734651,37.89488695,94.84444444,4.44,73.17,4.47,2.16,80.69615511
Spinifex,Leaf,H,2,4,0.2145,0.1032,0.92377261,36.72790344,95.33333333,5.28,80.95,4.9,2.89,87.62979021
Spinifex,Leaf,H,2,5,0.2139,0.1044,0.910600255,37.63011949,95.06666667,3.57,66.82,4.92,1.6,73.3801683
Spinifex,Leaf,H,2,6,0.2148,0.1073,0.889717304,39.06045866,95.46666667,4.71,72.75,4.63,2.3,81.76754539
Spinifex,Leaf,H,2,7,0.2142,0.1046,0.910133843,37.66206553,95.2,5.15,78.22,4.7,2.71,85.94340336
Spinifex,Leaf,H,2,8,0.2159,0.1061,0.904387894,38.0556237,95.95555556,4.55,74.08,4.62,2.26,81.91175544
Sorghum,Leaf,L,1,1,0.1909,0.0856,0.991173416,32.11140984,84.84444444,2.35,72.85,5.8,1.12,73.4987428
Sorghum,Leaf,L,1,2,0.1957,0.088,0.988383838,32.30247682,86.97777778,2.29,69.73,5.93,1.04,70.54951456
Sorghum,Leaf,L,1,3,0.1996,0.0895,0.991185599,32.11057541,88.71111111,1.76,63.09,5.79,0.7,63.65104584
Sorghum,Leaf,L,1,4,0.2031,0.0899,1.004078606,31.22749275,90.26666667,,,,,
Sorghum,Leaf,L,1,5,0.2042,0.0908,0.999510524,31.54037509,90.75555556,1.33,57.64,6.55,0.47,57.66822723
Sorghum,Leaf,L,1,6,0.206,0.0918,0.997337206,31.68923243,91.55555556,2.13,67.04,6.27,0.94,67.21899029
Sorghum,Leaf,L,1,7,0.2061,0.0907,1.009922822,30.82720394,91.6,2.52,73.45,6.31,1.24,72.72832969
Sorghum,Leaf,L,1,8,0.2074,0.0919,1.003022609,31.29982129,92.17777778,2.61,71.35,5.63,1.24,71.13498674
Sorghum,Leaf,M,1,1,0.1927,0.0854,1.002862347,31.31079814,85.64444444,2.75,84.49,6.09,1.54,84.24885054
Sorghum,Leaf,M,1,2,0.1953,0.0866,1.002309469,31.34866652,86.8,2.12,74.43,6.08,1.02,74.2585023
Sorghum,Leaf,M,1,3,0.197,0.0879,0.996081406,31.77524619,87.55555556,2.12,74.96,6.14,1.02,75.2548934
Sorghum,Leaf,M,1,4,0.1936,0.0868,0.991295443,32.10305186,86.04444444,1.71,70.7,6.8,0.75,71.32081612
Sorghum,Leaf,M,1,5,0.1922,0.0856,0.997923157,31.64909885,85.42222222,2.34,80.06,6.3,1.22,80.22661811
Sorghum,Leaf,M,1,6,0.1916,0.087,0.978799489,32.9589391,85.15555556,2.57,80.81,6.43,1.37,82.56032098
Sorghum,Leaf,M,1,7,0.1915,0.0857,0.993128484,31.97750107,85.11111111,2.23,77.67,6.43,1.13,78.20740339
Sorghum,Leaf,M,1,8,0.1923,0.085,1.005490196,31.13080849,85.46666667,2.58,80.96,6.06,1.38,80.51794072
Sorghum,Leaf,H,1,1,0.1637,0.0668,1.089155023,25.40034087,72.75555556,2.23,91.62,7.05,1.32,84.12025657
Sorghum,Leaf,H,1,2,0.1632,0.0663,1.094017094,25.06732233,72.53333333,2.83,102.64,7.5,1.95,93.819375
Sorghum,Leaf,H,1,3,0.1644,0.0719,1.01622624,30.395463,73.06666667,3.3,101.88,6.85,2.27,100.2532664
Sorghum,Leaf,H,1,4,0.1644,0.067,1.090547264,25.30498194,73.06666667,2.51,95.29,7.2,1.57,87.37814781
Sorghum,Leaf,H,1,5,0.1642,0.0673,1.084365197,25.72841114,72.97777778,1.57,78.51,7.6,0.75,72.40180725
Sorghum,Leaf,H,1,6,0.1653,0.0678,1.083579154,25.7822497,73.46666667,,,,,
Sorghum,Leaf,H,1,7,0.1638,0.067,1.086567164,25.57759149,72.8,1.58,77.45,6.78,0.73,71.27953297
Sorghum,Leaf,H,1,8,0.164,0.0673,1.083044411,25.81887593,72.88888889,,,,,
Sorghum,Leaf,H,2,1,0.1647,0.066,1.109090909,24.03486924,73.2,3.33,109.07,7.2,2.45,98.34180328
Sorghum,Leaf,H,2,2,0.1639,0.0687,1.060326702,27.37488341,72.84444444,2.4,93.99,7.21,1.48,88.64249085
Sorghum,Leaf,H,2,3,0.1648,0.0686,1.067703272,26.86963892,73.24444444,2.45,98.42,8.06,1.58,92.17916869
Sorghum,Leaf,H,2,4,0.1649,0.0678,1.080957063,25.96184498,73.28888889,2.69,101.26,7.51,1.8,93.67624621
Sorghum,Leaf,H,2,5,0.1646,0.0688,1.063307494,27.17071962,73.15555556,3.04,105.46,7.15,2.15,99.18109356
Sorghum,Leaf,H,2,6,0.1642,0.0671,1.087597284,25.50703532,72.97777778,2.4,97.1,7.18,1.52,89.27936967
Sorghum,Leaf,H,2,7,0.1644,0.0673,1.085685983,25.63794636,73.06666667,,,,,
Sorghum,Leaf,H,2,8,0.1659,0.0677,1.089118661,25.40283145,73.73333333,,,,,
Sorghum,Sheath,L,1,1,0.2408,0.1147,0.933062094,36.09163737,107.0222222,3.32,82.02,6.22,1.82,87.90411752
Sorghum,Sheath,L,1,2,0.2478,0.1181,0.932543043,36.12718886,110.1333333,3.65,83.54,5.29,2.02,89.58299637
Sorghum,Sheath,L,1,3,0.2476,0.1188,0.926300037,36.55479196,110.0444444,3.64,81.12,5.23,1.96,87.57421648
Sorghum,Sheath,L,1,4,0.2458,0.1171,0.932915836,36.10165504,109.2444444,2.72,71.13,5.19,1.26,76.24481998
Sorghum,Sheath,L,1,5,0.2437,0.1157,0.93613752,35.88099175,108.3111111,3.46,80.54,5.07,1.82,86.03436808
Sorghum,Sheath,L,1,6,0.2423,0.1166,0.923575376,36.74141257,107.6888889,3.71,82.11,5.44,2.02,88.90449236
Sorghum,Sheath,L,1,7,0.2408,0.1152,0.929012346,36.36901742,107.0222222,2.94,75.93,5.28,1.46,81.73196013
Sorghum,Sheath,L,1,8,0.2376,0.1118,0.944543828,35.30521724,105.6,2.86,76.07,5.31,1.41,80.53623106
Sorghum,Sheath,L,2,1,0.2395,0.1169,0.910559833,37.63288817,106.4444444,2.53,79.6,6.2,1.3,87.41874739
Sorghum,Sheath,L,2,2,0.2403,0.1157,0.923076923,36.77555321,106.8,2.81,83.96,6.12,1.55,90.95666667
Sorghum,Sheath,L,2,3,0.2402,0.1153,0.925893804,36.58261619,106.7555556,2.85,86.16,5.48,1.59,93.05602831
Sorghum,Sheath,L,2,4,0.2401,0.1138,0.937707479,35.77346034,106.7111111,3.12,89.69,6.44,1.85,95.64816535
Sorghum,Sheath,L,2,5,0.2403,0.1147,0.931124673,36.22433746,106.8,2.06,73.31,5.75,0.94,78.73274345
Sorghum,Sheath,L,2,6,0.2421,0.1175,0.915744681,37.27776159,107.6,2.61,81.94,5.58,1.38,89.47908922
Sorghum,Sheath,L,2,7,0.2387,0.1155,0.918518519,37.0877727,106.0888889,2.81,83.97,5.74,1.54,91.41895161
Sorghum,Sheath,L,2,8,0.2406,0.1171,0.913179619,37.45345078,106.9333333,2.63,77.99,5.5,1.32,85.40488466
Sorghum,Sheath,M,1,1,0.2161,0.0975,0.985071225,32.52936815,96.04444444,2.9,89.67,6.21,1.72,91.02895072
Sorghum,Sheath,M,1,2,0.2159,0.0997,0.962442884,34.07925451,95.95555556,2.86,89.16,5.94,1.67,92.63926355
Sorghum,Sheath,M,1,3,0.2192,0.098,0.994104308,31.91066381,97.42222222,3.49,99.92,6.41,2.34,100.5125912
Sorghum,Sheath,M,1,4,0.2178,0.0991,0.97679112,33.09649862,96.8,3.3,96.46,6.79,2.14,98.75192149
Sorghum,Sheath,M,1,5,0.218,0.0985,0.983643542,32.62715466,96.88888889,3.49,99.42,6.19,2.3,101.0731995
Sorghum,Sheath,M,1,6,0.2171,0.0988,0.976608187,33.10902828,96.48888889,2.87,88.89,6.11,1.67,91.0191018
Sorghum,Sheath,M,1,7,0.2175,0.1007,0.959947037,34.25020292,96.66666667,2.24,78.4,6.18,1.13,81.67117241
Sorghum,Sheath,M,1,8,0.2183,0.0999,0.971193416,33.47990304,97.02222222,,,,,
Sorghum,Sheath,M,2,1,0.2175,0.0996,0.970548862,33.52405054,96.66666667,3.41,94.49,6.06,2.12,97.35728276
Sorghum,Sheath,M,2,2,0.2169,0.0991,0.972754793,33.37295937,96.4,2.8,84.7,6.48,1.58,87.0723029
Sorghum,Sheath,M,2,3,0.2209,0.0994,0.987704002,32.34904097,98.17777778,3.22,92.49,6.08,1.98,93.64141467
Sorghum,Sheath,M,2,4,0.2189,0.0989,0.983709696,32.62262359,97.28888889,3.2,92.37,6.65,1.96,93.89965395
Sorghum,Sheath,M,2,5,0.2207,0.1001,0.97990898,32.88294658,98.08888889,2.72,87.39,6.85,1.57,89.18175238
Sorghum,Sheath,M,2,6,0.2211,0.1002,0.980705256,32.82840711,98.26666667,2.29,80.73,5.86,1.16,82.31831072
Sorghum,Sheath,M,2,7,0.2183,0.0996,0.974118697,33.2795413,97.02222222,2.97,89.49,6.87,1.76,91.8676546
Sorghum,Sheath,M,2,8,0.218,0.0985,0.983643542,32.62715466,96.88888889,2.65,84.68,5.69,1.44,86.08809633
Sorghum,Sheath,H,1,1,0.2133,0.0886,1.069977427,26.71387489,94.8,2.32,94.73,7.09,1.41,88.53457806
Sorghum,Sheath,H,1,2,0.2129,0.0888,1.065565566,27.01605715,94.62222222,3.75,115.44,6.81,2.89,108.3368342
Sorghum,Sheath,H,1,3,0.2121,0.089,1.05917603,27.45369658,94.26666667,3.73,111.81,6.44,2.79,105.5631895
Sorghum,Sheath,H,1,4,0.2156,0.0881,1.08765292,25.50322468,95.82222222,4.27,122.03,6.8,3.49,112.1957178
Sorghum,Sheath,H,1,5,0.2147,0.0886,1.077000251,26.23285953,95.42222222,2.6,99.75,6.99,1.68,92.61836283
Sorghum,Sheath,H,1,6,0.2134,0.0892,1.063278525,27.17270376,94.84444444,3.46,108.94,6.75,2.51,102.4566917
Sorghum,Sheath,H,1,7,0.2147,0.0893,1.06855792,26.8111014,95.42222222,4.21,121.24,6.6,3.4,113.4613274
Sorghum,Sheath,H,1,8,0.212,0.0888,1.061061061,27.32458486,94.22222222,3.37,107.46,6.71,2.39,101.2759811
Sorghum,Sheath,H,2,1,0.2163,0.0909,1.057572424,27.56353261,96.13333333,3.92,114.56,6.83,3.03,108.3235506
Sorghum,Sheath,H,2,2,0.218,0.0888,1.091091091,25.26773349,96.88888889,3.77,119.1,7.49,3.04,109.156789
Sorghum,Sheath,H,2,3,0.218,0.0903,1.072966654,26.50913326,96.88888889,2.8,103.77,7.26,1.93,96.71316399
Sorghum,Sheath,H,2,4,0.2187,0.0901,1.078801332,26.10949782,97.2,2.36,97.57,7.26,1.48,90.44297325
Sorghum,Sheath,H,2,5,0.2179,0.0899,1.077246323,26.21600527,96.84444444,3.03,107.61,6.96,2.16,99.89358765
Sorghum,Sheath,H,2,6,0.2157,0.0883,1.085692714,25.63748533,95.86666667,2.78,104.12,7.94,1.92,95.90190542
Sorghum,Sheath,H,2,7,0.2166,0.0895,1.075605214,26.32840999,96.26666667,3.75,116.52,6.89,2.91,108.3297091
Sorghum,Sheath,H,2,8,0.2152,0.0885,1.080728186,25.97752152,95.64444444,3.36,111.01,7.05,2.48,102.71778
Sorghum,Stem(<1m),L,1,1,0.2019,0.1366,0.656905808,55.00645153,89.73333333,1.32,42.05,4.57,0.3,64.0122214
Sorghum,Stem(<1m),L,1,2,0.1997,0.135,0.65744856,54.96927673,88.75555556,1.41,39.57,4.4,0.34,60.18721833
Sorghum,Stem(<1m),L,1,3,0.2015,0.137,0.653690187,55.22669955,89.55555556,1.41,39.32,4.74,0.34,60.15081886
Sorghum,Stem(<1m),L,1,4,0.1982,0.1387,0.635103741,56.49974376,88.08888889,1.38,39.82,4.78,0.34,62.69841826
Sorghum,Stem(<1m),L,1,5,0.1984,0.1437,0.613624062,57.97095462,88.17777778,1.33,37.78,4.72,0.31,61.56864163
Sorghum,Stem(<1m),L,1,6,0.2032,0.1471,0.613943651,57.94906498,90.31111111,1.16,33.19,4.11,0.23,54.06033588
Sorghum,Stem(<1m),L,1,7,0.2025,0.1404,0.641025641,56.09413418,90,1.49,38.25,4.47,0.33,59.67
Sorghum,Stem(<1m),L,1,8,0.2015,0.1437,0.623211938,57.31425079,89.55555556,1.54,38.42,4.37,0.35,61.64836973
Sorghum,Stem(<1m),L,2,1,0.2316,0.1236,0.832793959,42.95931788,102.9333333,1.48,35.56,4.68,0.34,42.69963731
Sorghum,Stem(<1m),L,2,2,0.23,0.1285,0.795503675,45.51344693,102.2222222,0.97,28.84,4.48,0.17,36.25376087
Sorghum,Stem(<1m),L,2,3,0.231,0.1273,0.806493847,44.76069544,102.6666667,1.45,35.32,4.36,0.33,43.79450649
Sorghum,Stem(<1m),L,2,4,0.2348,0.1268,0.82299334,43.63059313,104.3555556,1.43,34.96,4.38,0.32,42.47908007
Sorghum,Stem(<1m),L,2,5,0.2357,0.1289,0.812688561,44.33639991,104.7555556,1.19,32.24,4.29,0.23,39.67079338
Sorghum,Stem(<1m),L,2,6,0.2347,0.1292,0.807361541,44.70126431,104.3111111,1.36,33.35,4.32,0.28,41.30739242
Sorghum,Stem(<1m),L,2,7,0.2324,0.1312,0.787262873,46.07788544,103.2888889,1.54,34.57,3.88,0.31,43.91163511
Sorghum,Stem(<1m),L,2,8,0.2318,0.1286,0.801105927,45.12973102,103.0222222,1.52,34.19,4.05,0.29,42.67850086
Sorghum,Stem(<1m),M,1,1,0.1854,0.1081,0.762257169,47.79060484,82.4,2.39,72.87,5.6,1.1,95.59765777
Sorghum,Stem(<1m),M,1,2,0.1881,0.1135,0.736563877,49.55041941,83.6,2.18,69.51,6.37,0.99,94.37063397
Sorghum,Stem(<1m),M,1,3,0.188,0.1134,0.736821478,49.53277551,83.55555556,2.91,79.89,5.67,1.55,108.4251782
Sorghum,Stem(<1m),M,1,4,0.1886,0.1114,0.752443647,48.46276394,83.82222222,1.79,63.95,5.99,0.72,84.98975345
Sorghum,Stem(<1m),M,1,5,0.191,0.1094,0.775949624,46.85276546,84.88888889,2.66,80.34,6.67,1.42,103.5376492
Sorghum,Stem(<1m),M,1,6,0.1917,0.1115,0.764125561,47.66263284,85.2,1.89,68.47,6.63,0.83,89.60569249
Sorghum,Stem(<1m),M,1,7,0.193,0.1114,0.769998005,47.2604106,85.77777778,1.92,66.22,5.74,0.81,86.0002228
Sorghum,Stem(<1m),M,1,8,0.1904,0.1119,0.756230762,48.20337249,84.62222222,2.49,71.68,6.19,1.19,94.78588235
Sorghum,Stem(<1m),M,2,1,0.2198,0.1009,0.968175311,33.68662253,97.68888889,2.77,70.84,5.97,1.3,73.16856688
Sorghum,Stem(<1m),M,2,2,0.2245,0.0998,0.999777332,31.52210052,99.77777778,2.08,62.55,5.54,0.85,62.56393096
Sorghum,Stem(<1m),M,2,3,0.2261,0.1001,1.003885004,31.24075316,100.4888889,2.36,68.52,6.22,1.08,68.25482972
Sorghum,Stem(<1m),M,2,4,0.2235,0.1001,0.992340992,32.03143888,99.33333333,2.54,71.25,6.24,1.21,71.79991611
Sorghum,Stem(<1m),M,2,5,0.2256,0.0998,1.004676019,31.18657406,100.2666667,2.33,69.47,6.2,1.06,69.14666888
Sorghum,Stem(<1m),M,2,6,0.2218,0.1019,0.96739723,33.73991573,98.57777778,2.21,65.96,6.13,0.97,68.18295311
Sorghum,Stem(<1m),M,2,7,0.223,0.1004,0.987162461,32.38613279,99.11111111,2.7,72.73,5.85,1.32,73.67581614
Sorghum,Stem(<1m),M,2,8,0.2204,0.0997,0.982503065,32.70526954,97.95555556,2.53,69.22,6.05,1.16,70.45270644
Sorghum,Stem(<1m),H,1,1,0.23,0.0955,1.070389761,26.68563277,102.2222222,3.91,116.52,7.6,3.13,108.8575435
Sorghum,Stem(<1m),H,1,2,0.2307,0.0957,1.071403692,26.61618547,102.5333333,2.51,100.83,7.82,1.66,94.11018531
Sorghum,Stem(<1m),H,1,3,0.2329,0.0981,1.055159135,27.72882639,103.5111111,2.4,95.85,7,1.47,90.83937849
Sorghum,Stem(<1m),H,1,4,0.2307,0.096,1.068055556,26.84550989,102.5333333,2.06,90.98,7.27,1.18,85.18283485
Sorghum,Stem(<1m),H,1,5,0.2304,0.0962,1.064449064,27.09252983,102.4,1.89,85.65,6.79,1,80.46416016
Sorghum,Stem(<1m),H,1,6,0.23,0.0969,1.054924894,27.74487028,102.2222222,3.17,104.68,7.7,2.27,99.22981304
Sorghum,Stem(<1m),H,1,7,0.2302,0.0956,1.070199907,26.69863651,102.3111111,3.18,105.82,7.77,2.27,98.87872285
Sorghum,Stem(<1m),H,1,8,0.2308,0.0955,1.074112856,26.43062628,102.5777778,,,,,
Sorghum,Stem(<1m),H,2,1,0.2278,0.0971,1.042682229,28.58340897,101.2444444,3.2,101.93,6.82,2.2,97.75749232
Sorghum,Stem(<1m),H,2,2,0.2292,0.0972,1.048010974,28.21842644,101.8666667,3.24,102.37,7.2,2.26,97.68027487
Sorghum,Stem(<1m),H,2,3,0.2308,0.0974,1.053159936,27.8657578,102.5777778,3.57,111.45,6.88,2.66,105.8243826
Sorghum,Stem(<1m),H,2,4,0.2314,0.0962,1.069069069,26.77609116,102.8444444,1.79,85.13,7.9,0.95,79.63002809
Sorghum,Stem(<1m),H,2,5,0.2311,0.0972,1.056698674,27.62337849,102.7111111,2.9,101.88,7.19,1.97,96.41348334
Sorghum,Stem(<1m),H,2,6,0.2294,0.0972,1.048925469,28.15578982,101.9555556,1.9,84.64,7.79,1.03,80.69210113
Sorghum,Stem(<1m),H,2,7,0.2275,0.0963,1.049959617,28.08495774,101.1111111,2.72,97.41,7.02,1.77,92.7749967
Sorghum,Stem(<1m),H,2,8,0.2278,0.097,1.043757159,28.50978361,101.2444444,2.48,93.65,6.89,1.53,89.72393547
Sorghum,Stem(>1m),L,1,1,0.2325,0.1216,0.849780702,41.79584235,103.3333333,2.39,74.04,6.59,1.17,87.12836129
Sorghum,Stem(>1m),L,1,2,0.233,0.1215,0.852309099,41.62266444,103.5555556,1.99,69.03,5.65,0.86,80.99174356
Sorghum,Stem(>1m),L,1,3,0.2341,0.1218,0.854223682,41.49152864,104.0444444,2.33,74.55,5.53,1.11,87.27222341
Sorghum,Stem(>1m),L,1,4,0.2318,0.1236,0.833513125,42.91005995,103.0222222,2.38,74.37,5.89,1.15,89.22474978
Sorghum,Stem(>1m),L,1,5,0.2318,0.1221,0.843752844,42.20870933,103.0222222,1.56,62.02,6.16,0.59,73.50493745
Sorghum,Stem(>1m),L,1,6,0.2327,0.1209,0.855436081,41.40848759,103.4222222,,,,,
Sorghum,Stem(>1m),L,1,7,0.2332,0.1208,0.857983812,41.23398551,103.6444444,2.57,78.17,6.38,1.33,91.10894511
Sorghum,Stem(>1m),L,1,8,0.2326,0.1193,0.866536276,40.64820024,103.3777778,2.39,75.38,6.38,1.18,86.99001075
Sorghum,Stem(>1m),L,2,1,0.2357,0.1263,0.829418492,43.19051424,104.7555556,2.53,70.42,5.33,1.15,84.90285745
Sorghum,Stem(>1m),L,2,2,0.235,0.1254,0.832890307,42.95271873,104.4444444,1.92,63.14,6.02,0.77,75.80830213
Sorghum,Stem(>1m),L,2,3,0.2344,0.1243,0.83811567,42.59481713,104.1777778,2.66,74.44,5.71,1.28,88.81828925
Sorghum,Stem(>1m),L,2,4,0.238,0.1258,0.840840841,42.40816159,105.7777778,2.6,71.97,5.54,1.22,85.59289286
Sorghum,Stem(>1m),L,2,5,0.231,0.1199,0.856269113,41.35143061,102.6666667,2.46,72.81,6.21,1.17,85.03167857
Sorghum,Stem(>1m),L,2,6,0.2322,0.1206,0.855721393,41.38894568,103.2,2.55,74.41,5.82,1.24,86.95587209
Sorghum,Stem(>1m),L,2,7,0.2321,0.1217,0.847621656,41.94372218,103.1555556,2.02,64.95,6.04,0.84,76.62616868
Sorghum,Stem(>1m),L,2,8,0.2297,0.1213,0.841623157,42.35457832,102.0888889,2.21,66.79,5.49,0.95,79.3585579
Sorghum,Stem(>1m),M,1,1,0.2152,0.103,0.928586839,36.39816169,95.64444444,3.45,97.25,6.76,2.24,104.7290311
Sorghum,Stem(>1m),M,1,2,0.215,0.1029,0.928625418,36.39551929,95.55555556,3.27,95.4,6.38,2.07,102.7324884
Sorghum,Stem(>1m),M,1,3,0.2139,0.1039,0.914982355,37.3299757,95.06666667,2.81,86.36,6.33,1.6,94.3843338
Sorghum,Stem(>1m),M,1,4,0.2149,0.1041,0.917493863,37.15795461,95.51111111,3.08,91.81,6.28,1.88,100.0660644
Sorghum,Stem(>1m),M,1,5,0.2158,0.1033,0.92847155,36.40605822,95.91111111,3.21,94.1,6.47,2,101.3493628
Sorghum,Stem(>1m),M,1,6,0.2149,0.1033,0.924599333,36.67127855,95.51111111,3.44,97.75,6.32,2.24,105.7214693
Sorghum,Stem(>1m),M,1,7,0.2143,0.1033,0.922017855,36.84809211,95.24444444,3.21,94.4,6.42,2.03,102.3841344
Sorghum,Stem(>1m),M,1,8,0.2156,0.1036,0.924924925,36.64897774,95.82222222,3.56,99.09,6.35,2.33,107.1330195
Sorghum,Stem(>1m),M,2,1,0.2152,0.1033,0.925890072,36.58287178,95.64444444,2.84,89.38,6.99,1.69,96.53413801
Sorghum,Stem(>1m),M,2,2,0.2151,0.1013,0.943731491,35.36085681,95.6,2.06,81.08,6.54,1.06,85.91426778
Sorghum,Stem(>1m),M,2,3,0.2146,0.1026,0.929607971,36.3282212,95.37777778,,,,,
Sorghum,Stem(>1m),M,2,4,0.2139,0.1009,0.942186984,35.46664494,95.06666667,2.76,91.58,6.21,1.65,97.1993899
Sorghum,Stem(>1m),M,2,5,0.2142,0.1006,0.946322068,35.18342003,95.2,2.49,87.75,6.41,1.41,92.72741597
Sorghum,Stem(>1m),M,2,6,0.216,0.1028,0.93385214,36.03752465,96,1.95,77.16,6.43,0.94,82.6255
Sorghum,Stem(>1m),M,2,7,0.2154,0.1014,0.944115713,35.33454018,95.73333333,3.12,94.76,6.07,1.95,100.3690529
Sorghum,Stem(>1m),M,2,8,0.2145,0.1018,0.936476752,35.85775673,95.33333333,2.35,82.46,5.91,1.23,88.05344056
Sorghum,Stem(>1m),H,1,1,0.2285,0.0939,1.081528813,25.92268403,101.5555556,3.36,113.42,7.65,2.57,104.8700678
Sorghum,Stem(>1m),H,1,2,0.2304,0.0934,1.096359743,24.90686692,102.4,3.65,120.39,7.31,2.96,109.8088477
Sorghum,Stem(>1m),H,1,3,0.2316,0.0944,1.09039548,25.31537807,102.9333333,3.41,116.13,7.61,2.68,106.5026425
Sorghum,Stem(>1m),H,1,4,0.2341,0.0939,1.108034552,24.10722246,104.0444444,2.33,101.06,7.38,1.5,91.20654208
Sorghum,Stem(>1m),H,1,5,0.2332,0.0943,1.09909273,24.71967602,103.6444444,2.63,105.54,6.91,1.79,96.0246548
Sorghum,Stem(>1m),H,1,6,0.233,0.0942,1.099315876,24.70439203,103.5555556,3.12,112.83,7.42,2.34,102.6365601
Sorghum,Stem(>1m),H,1,7,0.2285,0.0938,1.082681829,25.84371035,101.5555556,3.14,112.67,7.53,2.35,104.0656608
Sorghum,Stem(>1m),H,1,8,0.2323,0.0934,1.105400904,24.28760931,103.2444444,,,,,
Sorghum,Stem(>1m),H,2,1,0.225,0.0948,1.054852321,27.74984105,100,2.66,97.48,6.92,1.71,92.41104
Sorghum,Stem(>1m),H,2,2,0.2251,0.0951,1.051992055,27.94574965,100.0444444,2.91,105.36,7.73,2.05,100.1528476
Sorghum,Stem(>1m),H,2,3,0.2269,0.0947,1.064883257,27.06279061,100.8444444,3.72,119.78,7.14,3,112.4818136
Sorghum,Stem(>1m),H,2,4,0.2277,0.0953,1.061909759,27.26645489,101.2,3.77,120.99,6.93,3.05,113.9362352
Sorghum,Stem(>1m),H,2,5,0.229,0.0967,1.052510629,27.91023092,101.7777778,2.98,105.44,6.69,2.07,100.1795109
Sorghum,Stem(>1m),H,2,6,0.2295,0.0983,1.037639878,28.92877548,102,2.35,94.93,6.62,1.42,91.48646078
Sorghum,Stem(>1m),H,2,7,0.228,0.0945,1.072310406,26.55408181,101.3333333,2.56,99.38,6.92,1.64,92.67838816
Sorghum,Stem(>1m),H,2,8,0.2258,0.0954,1.051945027,27.94897077,100.3555556,2.16,92.96,6.82,1.25,88.36963685
